year,location,event,athlete,country,medal,timeFormat,altitude
1924,"Chamonix, France",500m Men,Charles Jewtraw,USA,GOLD,00:44.00,1035
1924,"Chamonix, France",500m Men,Oskar Olsen,NOR,SILVER,00:44.20,1035
1924,"Chamonix, France",500m Men,Roald Larsen,NOR,BRONZE,00:44.80,1035
1924,"Chamonix, France",500m Men,Clas Thunberg,FIN,BRONZE,00:44.80,1035
1924,"Chamonix, France",1500m Men,Clas Thunberg,FIN,GOLD,02:20.00,1035
1924,"Chamonix, France",1500m Men,Roald Larsen,NOR,SILVER,02:22.00,1035
1924,"Chamonix, France",1500m Men,Sigurd Moen,NOR,BRONZE,02:25.00,1035
1924,"Chamonix, France",5000m Men,Clas Thunberg,FIN,GOLD,08:39.00,1035
1924,"Chamonix, France",5000m Men,Julius Skutnabb,FIN,SILVER,08:48.00,1035
1924,"Chamonix, France",5000m Men,Roald Larsen,NOR,BRONZE,08:50.00,1035
1924,"Chamonix, France",10000m Men,Julius Skutnabb,FIN,GOLD,18:04.00,1035
1924,"Chamonix, France",10000m Men,Clas Thunberg,FIN,SILVER,18:07.00,1035
1924,"Chamonix, France",10000m Men,Roald Larsen,NOR,BRONZE,18:12.00,1035
1924,"Chamonix, France",Four-Race Combined,Clas Thunberg,FIN,GOLD,00:05.50,1035
1924,"Chamonix, France",Four-Race Combined,Roald Larsen,NOR,SILVER,00:09.50,1035
1924,"Chamonix, France",Four-Race Combined,Julius Skutnabb,FIN,BRONZE,00:11.00,1035
1928,"St. Moritz, Switzerland",500m Men,Bæla Evensen,NOR,GOLD,00:43.40,1822
1928,"St. Moritz, Switzerland",500m Men,Clas Thunberg,FIN,GOLD,00:43.40,1822
1928,"St. Moritz, Switzerland",500m Men,John Farrell,USA,BRONZE,,1822
1928,"St. Moritz, Switzerland",500m Men,Jaako Friman,FIN,BRONZE,,1822
1928,"St. Moritz, Switzerland",500m Men,Roald Larsen,NOR,BRONZE,,1822
1928,"St. Moritz, Switzerland",1500m Men,Clas Thunberg,FIN,GOLD,02:21.00,1822
1928,"St. Moritz, Switzerland",1500m Men,Bæla Evensen,NOR,SILVER,02:21.00,1822
1928,"St. Moritz, Switzerland",1500m Men,Ivar Ballangrud,NOR,BRONZE,02:22.00,1822
1928,"St. Moritz, Switzerland",5000m Men,Ivar Ballangrud,NOR,GOLD,08:50.00,1822
1928,"St. Moritz, Switzerland",5000m Men,Julius Skutnabb,FIN,SILVER,08:59.00,1822
1928,"St. Moritz, Switzerland",5000m Men,Bæla Evensen,NOR,BRONZE,09:01.00,1822
1932,"Lake Placid, United States",500m Men,Jack Shea,USA,GOLD,00:43.40,568
1932,"Lake Placid, United States",500m Men,Bæla Evensen,NOR,SILVER,,568
1932,"Lake Placid, United States",500m Men,Alexander Hurd,CAN,BRONZE,,568
1932,"Lake Placid, United States",1500m Men,Jack Shea,USA,GOLD,02:57.00,568
1932,"Lake Placid, United States",1500m Men,Alexander Hurd,CAN,SILVER,,568
1932,"Lake Placid, United States",1500m Men,William Logan,CAN,BRONZE,,568
1932,"Lake Placid, United States",5000m Men,Irving Jaffee,USA,GOLD,09:40.00,568
1932,"Lake Placid, United States",5000m Men,Edward Murphy,USA,SILVER,,568
1932,"Lake Placid, United States",5000m Men,William Logan,CAN,BRONZE,,568
1932,"Lake Placid, United States",10000m Men,Irving Jaffee,USA,GOLD,19:13.00,568
1932,"Lake Placid, United States",10000m Men,Ivar Ballangrud,NOR,SILVER,,568
1932,"Lake Placid, United States",10000m Men,Frank Stack,CAN,BRONZE,,568
1936,"Garmisch-Partenkirchen, Germany",500m Men,Ivar Ballangrud,NOR,GOLD,00:43.40,708
1936,"Garmisch-Partenkirchen, Germany",500m Men,Georg Krog,NOR,SILVER,00:43.50,708
1936,"Garmisch-Partenkirchen, Germany",500m Men,Leo Freisinger,USA,BRONZE,00:44.00,708
1936,"Garmisch-Partenkirchen, Germany",1500m Men,Charles Mathiesen,NOR,GOLD,02:19.00,708
1936,"Garmisch-Partenkirchen, Germany",1500m Men,Ivar Ballangrud,NOR,SILVER,02:20.00,708
1936,"Garmisch-Partenkirchen, Germany",1500m Men,Birger Wasenius,FIN,BRONZE,02:20.00,708
1936,"Garmisch-Partenkirchen, Germany",5000m Men,Ivar Ballangrud,NOR,GOLD,08:19.00,708
1936,"Garmisch-Partenkirchen, Germany",5000m Men,Birger Wasenius,FIN,SILVER,08:23.00,708
1936,"Garmisch-Partenkirchen, Germany",5000m Men,Antero Ojala,FIN,BRONZE,08:30.00,708
1936,"Garmisch-Partenkirchen, Germany",10000m Men,Ivar Ballangrud,NOR,GOLD,17:24.00,708
1936,"Garmisch-Partenkirchen, Germany",10000m Men,Birger Wasenius,FIN,SILVER,17:28.00,708
1936,"Garmisch-Partenkirchen, Germany",10000m Men,Max Stiepl,AUT,BRONZE,17:30.00,708
1948,"St. Moritz, Switzerland",500m Men,Finn Helgesen,NOR,GOLD,00:43.10,1822
1948,"St. Moritz, Switzerland",500m Men,Ken Bartholomew,USA,SILVER,00:43.20,1822
1948,"St. Moritz, Switzerland",500m Men,Thomas Byberg,NOR,SILVER,00:43.20,1822
1948,"St. Moritz, Switzerland",500m Men,Robert Fitzgerald,USA,SILVER,00:43.20,1822
1948,"St. Moritz, Switzerland",1500m Men,Sverre Farstad,NOR,GOLD,02:17.00,1822
1948,"St. Moritz, Switzerland",1500m Men,Åke Seyffarth,SWE,SILVER,02:18.00,1822
1948,"St. Moritz, Switzerland",1500m Men,Odd Lundberg,NOR,BRONZE,02:18.00,1822
1948,"St. Moritz, Switzerland",5000m Men,Reidar Liaklev,NOR,GOLD,08:29.00,1822
1948,"St. Moritz, Switzerland",5000m Men,Odd Lundberg,NOR,SILVER,08:32.00,1822
1948,"St. Moritz, Switzerland",5000m Men,Göthe Hedlund,SWE,BRONZE,08:34.00,1822
1948,"St. Moritz, Switzerland",10000m Men,Åke Seyffarth,SWE,GOLD,17:26.00,1822
1948,"St. Moritz, Switzerland",10000m Men,Lassi Parkkinen,FIN,SILVER,17:36.00,1822
1948,"St. Moritz, Switzerland",10000m Men,Pentti Lammio,FIN,BRONZE,17:42.00,1822
1952,"Oslo, Norway",500m Men,Ken Henry,USA,GOLD,00:43.20,204
1952,"Oslo, Norway",500m Men,Donald McDermott,USA,SILVER,00:43.90,204
1952,"Oslo, Norway",500m Men,Arne Johansen,NOR,BRONZE,00:44.00,204
1952,"Oslo, Norway",500m Men,Gordon Audley,CAN,BRONZE,00:44.00,204
1952,"Oslo, Norway",1500m Men,Hjallis Andersen,NOR,GOLD,02:20.00,204
1952,"Oslo, Norway",1500m Men,Wim van der Voort,NED,SILVER,02:20.00,204
1952,"Oslo, Norway",1500m Men,Roald Aas,NOR,BRONZE,02:21.00,204
1952,"Oslo, Norway",5000m Men,Hjallis Andersen,NOR,GOLD,08:10.00,204
1952,"Oslo, Norway",5000m Men,Kees Broekman,NED,SILVER,08:21.00,204
1952,"Oslo, Norway",5000m Men,Sverre Haugli,NOR,BRONZE,08:22.00,204
1952,"Oslo, Norway",10000m Men,Hjallis Andersen,NOR,GOLD,16:45.00,204
1952,"Oslo, Norway",10000m Men,Kees Broekman,NED,SILVER,17:10.00,204
1952,"Oslo, Norway",10000m Men,Carl-Erik Asplund,SWE,BRONZE,17:16.00,204
1956,"Cortina d'Ampezzo, Italy",500m Men,Yevgeny Grishin,URS,GOLD,00:40.20,1210
1956,"Cortina d'Ampezzo, Italy",500m Men,Rafael Grach,URS,SILVER,00:40.80,1210
1956,"Cortina d'Ampezzo, Italy",500m Men,Alv Gjestvang,NOR,BRONZE,00:41.00,1210
1956,"Cortina d'Ampezzo, Italy",1500m Men,Yevgeny Grishin,URS,GOLD,02:08.00,1210
1956,"Cortina d'Ampezzo, Italy",1500m Men,Yury Mikhaylov,URS,GOLD,02:08.00,1210
1956,"Cortina d'Ampezzo, Italy",1500m Men,Toivo Salonen,FIN,BRONZE,02:09.00,1210
1956,"Cortina d'Ampezzo, Italy",5000m Men,Boris Shilkov,URS,GOLD,07:48.00,1210
1956,"Cortina d'Ampezzo, Italy",5000m Men,Sigge Ericsson,SWE,SILVER,07:56.00,1210
1956,"Cortina d'Ampezzo, Italy",5000m Men,Oleg Goncharenko,URS,BRONZE,07:57.00,1210
1956,"Cortina d'Ampezzo, Italy",10000m Men,Sigge Ericsson,SWE,GOLD,16:35.00,1210
1956,"Cortina d'Ampezzo, Italy",10000m Men,Knut Johannesen,NOR,SILVER,16:36.00,1210
1956,"Cortina d'Ampezzo, Italy",10000m Men,Oleg Goncharenko,URS,BRONZE,16:42.00,1210
1960,"Squaw Valley, United States",500m Men,Yevgeny Grishin,URS,GOLD,00:40.20,1880
1960,"Squaw Valley, United States",500m Men,William Disney,USA,SILVER,00:40.30,1880
1960,"Squaw Valley, United States",500m Men,Rafael Grach,URS,BRONZE,00:40.40,1880
1960,"Squaw Valley, United States",1500m Men,Yevgeny Grishin,URS,GOLD,02:10.00,1880
1960,"Squaw Valley, United States",1500m Men,Roald Aas,NOR,GOLD,02:10.00,1880
1960,"Squaw Valley, United States",1500m Men,Boris Stenin,URS,BRONZE,02:11.00,1880
1960,"Squaw Valley, United States",5000m Men,Viktor Kosichkin,URS,GOLD,07:51.00,1880
1960,"Squaw Valley, United States",5000m Men,Knut Johannesen,NOR,SILVER,08:00.00,1880
1960,"Squaw Valley, United States",5000m Men,Jan Pesman,NED,BRONZE,08:05.00,1880
1960,"Squaw Valley, United States",10000m Men,Knut Johannesen,NOR,GOLD,15:46.00,1880
1960,"Squaw Valley, United States",10000m Men,Viktor Kosichkin,URS,SILVER,15:49.00,1880
1960,"Squaw Valley, United States",10000m Men,Kjell Båckman,SWE,BRONZE,16:14.00,1880
1960,"Squaw Valley, United States",500m Women,Helga Haase,GER,GOLD,00:45.90,1880
1960,"Squaw Valley, United States",500m Women,Natalya Donchenko,URS,SILVER,00:46.00,1880
1960,"Squaw Valley, United States",500m Women,Jeanne Ashworth,USA,BRONZE,00:46.10,1880
1960,"Squaw Valley, United States",1000m Women,Klara Guseva,URS,GOLD,01:34.00,1880
1960,"Squaw Valley, United States",1000m Women,Helga Haase,GER,SILVER,01:34.00,1880
1960,"Squaw Valley, United States",1000m Women,Tamara Rylova,URS,BRONZE,01:34.00,1880
1960,"Squaw Valley, United States",1500m Women,Lidiya Skoblikova,URS,GOLD,02:25.00,1880
1960,"Squaw Valley, United States",1500m Women,Elvira Seroczynska,POL,SILVER,02:25.00,1880
1960,"Squaw Valley, United States",1500m Women,Helena Pilejczykowa,POL,BRONZE,02:27.00,1880
1960,"Squaw Valley, United States",3000m Women,Lidiya Skoblikova,URS,GOLD,05:14.00,1880
1960,"Squaw Valley, United States",3000m Women,Valentina Stenina,URS,SILVER,05:16.00,1880
1960,"Squaw Valley, United States",3000m Women,Eevi Huttunen,FIN,BRONZE,05:21.00,1880
1964,"Innsbruck, Austria",500m Men,Terry McDermott,USA,GOLD,00:40.10,590
1964,"Innsbruck, Austria",500m Men,Vladimir Orlov,URS,SILVER,00:40.60,590
1964,"Innsbruck, Austria",500m Men,Alv Gjestvang,NOR,SILVER,00:40.60,590
1964,"Innsbruck, Austria",500m Men,Yevgeny Grishin,URS,SILVER,00:40.60,590
1964,"Innsbruck, Austria",1500m Men,Ants Antson,URS,GOLD,02:10.00,590
1964,"Innsbruck, Austria",1500m Men,Kees Verkerk,NED,SILVER,02:10.00,590
1964,"Innsbruck, Austria",1500m Men,Villy Haugen,NOR,BRONZE,02:11.00,590
1964,"Innsbruck, Austria",5000m Men,Knut Johannesen,NOR,GOLD,07:38.00,590
1964,"Innsbruck, Austria",5000m Men,Per Ivar Moe,NOR,SILVER,07:38.00,590
1964,"Innsbruck, Austria",5000m Men,Fred Anton Maier,NOR,BRONZE,07:42.00,590
1964,"Innsbruck, Austria",10000m Men,Jonny Nilsson,SWE,GOLD,15:50.00,590
1964,"Innsbruck, Austria",10000m Men,Fred Anton Maier,NOR,SILVER,16:06.00,590
1964,"Innsbruck, Austria",10000m Men,Knut Johannesen,NOR,BRONZE,16:06.00,590
1964,"Innsbruck, Austria",500m Women,Lidiya Skoblikova,URS,GOLD,00:45.00,590
1964,"Innsbruck, Austria",500m Women,Irina Yegorova,URS,SILVER,00:45.40,590
1964,"Innsbruck, Austria",500m Women,Tatyana Sidorova,URS,BRONZE,00:45.50,590
1964,"Innsbruck, Austria",1000m Women,Lidiya Skoblikova,URS,GOLD,01:33.00,590
1964,"Innsbruck, Austria",1000m Women,Irina Yegorova,URS,SILVER,01:34.00,590
1964,"Innsbruck, Austria",1000m Women,Kaija Mustonen,FIN,BRONZE,01:34.00,590
1964,"Innsbruck, Austria",1500m Women,Lidiya Skoblikova,URS,GOLD,02:22.00,590
1964,"Innsbruck, Austria",1500m Women,Kaija Mustonen,FIN,SILVER,02:25.00,590
1964,"Innsbruck, Austria",1500m Women,Berta Kolokoltseva,URS,BRONZE,02:27.00,590
1964,"Innsbruck, Austria",3000m Women,Lidiya Skoblikova,URS,GOLD,05:14.00,590
1964,"Innsbruck, Austria",3000m Women,Valentina Stenina,URS,SILVER,05:18.00,590
1964,"Innsbruck, Austria",3000m Women,Pil-Hwa Han,PRK,SILVER,05:18.00,590
1968,"Grenoble, France",500m Men,Erhard Keller,FRG,GOLD,00:40.30,213
1968,"Grenoble, France",500m Men,Terry McDermott,USA,SILVER,00:40.50,213
1968,"Grenoble, France",500m Men,Magne Thomassen,NOR,SILVER,00:40.50,213
1968,"Grenoble, France",1500m Men,Kees Verkerk,NED,GOLD,02:03.00,213
1968,"Grenoble, France",1500m Men,Ard Schenk,NED,SILVER,02:05.00,213
1968,"Grenoble, France",1500m Men,Ivar Eriksen,NOR,SILVER,02:05.00,213
1968,"Grenoble, France",5000m Men,Fred Anton Maier,NOR,GOLD,07:22.00,213
1968,"Grenoble, France",5000m Men,Kees Verkerk,NED,SILVER,07:23.00,213
1968,"Grenoble, France",5000m Men,Peter Nottet,NED,BRONZE,07:25.00,213
1968,"Grenoble, France",10000m Men,Johnny Höglin,SWE,GOLD,15:23.00,213
1968,"Grenoble, France",10000m Men,Fred Anton Maier,NOR,SILVER,15:23.00,213
1968,"Grenoble, France",10000m Men,Örjan Sandler,SWE,BRONZE,15:31.00,213
1968,"Grenoble, France",500m Women,Lyudmila Titova,URS,GOLD,00:46.10,213
1968,"Grenoble, France",500m Women,Mary Meyers,USA,SILVER,00:46.30,213
1968,"Grenoble, France",500m Women,Dianne Holum,USA,SILVER,00:46.30,213
1968,"Grenoble, France",500m Women,Jennifer Fish,USA,SILVER,00:46.30,213
1968,"Grenoble, France",1000m Women,Carry Geijssen,NED,GOLD,01:32.00,213
1968,"Grenoble, France",1000m Women,Lyudmila Titova,URS,SILVER,01:32.00,213
1968,"Grenoble, France",1000m Women,Dianne Holum,USA,BRONZE,01:33.00,213
1968,"Grenoble, France",1500m Women,Kaija Mustonen,FIN,GOLD,02:22.00,213
1968,"Grenoble, France",1500m Women,Carry Geijssen,NED,SILVER,02:22.00,213
1968,"Grenoble, France",1500m Women,Stien Baas-Kaiser,NED,BRONZE,02:24.00,213
1968,"Grenoble, France",3000m Women,Ans Schut,NED,GOLD,04:56.00,213
1968,"Grenoble, France",3000m Women,Kaija Mustonen,FIN,SILVER,05:01.00,213
1968,"Grenoble, France",3000m Women,Stien Baas-Kaiser,NED,BRONZE,05:01.00,213
1972,"Sapporo, Japan",500m Men,Erhard Keller,FRG,GOLD,00:39.44,90
1972,"Sapporo, Japan",500m Men,Hasse Börjes,SWE,SILVER,00:39.69,90
1972,"Sapporo, Japan",500m Men,Valery Muratov,URS,BRONZE,00:39.80,90
1972,"Sapporo, Japan",1500m Men,Ard Schenk,NED,GOLD,02:02.96,90
1972,"Sapporo, Japan",1500m Men,Roar Grønvold,NOR,SILVER,02:04.26,90
1972,"Sapporo, Japan",1500m Men,Göran Clæsson,SWE,BRONZE,02:05.89,90
1972,"Sapporo, Japan",5000m Men,Ard Schenk,NED,GOLD,07:23.61,90
1972,"Sapporo, Japan",5000m Men,Roar Grønvold,NOR,SILVER,07:28.18,90
1972,"Sapporo, Japan",5000m Men,Sten Stensen,NOR,BRONZE,07:33.39,90
1972,"Sapporo, Japan",10000m Men,Ard Schenk,NED,GOLD,15:01.35,90
1972,"Sapporo, Japan",10000m Men,Kees Verkerk,NED,SILVER,15:04.70,90
1972,"Sapporo, Japan",10000m Men,Sten Stensen,NOR,BRONZE,15:07.08,90
1972,"Sapporo, Japan",500m Women,Anne Henning,USA,GOLD,00:43.33,90
1972,"Sapporo, Japan",500m Women,Vera Krasnova,URS,SILVER,00:44.01,90
1972,"Sapporo, Japan",500m Women,Lyudmila Titova,URS,BRONZE,00:44.45,90
1972,"Sapporo, Japan",1000m Women,Monika Pflug,FRG,GOLD,01:31.40,90
1972,"Sapporo, Japan",1000m Women,Atje Keulen-Deelstra,NED,SILVER,01:31.61,90
1972,"Sapporo, Japan",1000m Women,Anne Henning,USA,BRONZE,01:31.62,90
1972,"Sapporo, Japan",1500m Women,Dianne Holum,USA,GOLD,02:20.85,90
1972,"Sapporo, Japan",1500m Women,Stien Baas-Kaiser,NED,SILVER,02:21.05,90
1972,"Sapporo, Japan",1500m Women,Atje Keulen-Deelstra,NED,BRONZE,02:22.05,90
1972,"Sapporo, Japan",3000m Women,Stien Baas-Kaiser,NED,GOLD,04:52.14,90
1972,"Sapporo, Japan",3000m Women,Dianne Holum,USA,SILVER,04:58.67,90
1972,"Sapporo, Japan",3000m Women,Atje Keulen-Deelstra,NED,BRONZE,04:59.91,90
1976,"Innsbruck, Austria",500m Men,Yevgeny Kulikov,URS,GOLD,00:39.17,590
1976,"Innsbruck, Austria",500m Men,Valery Muratov,URS,SILVER,00:39.25,590
1976,"Innsbruck, Austria",500m Men,Daniel Immerfall,USA,BRONZE,00:39.54,590
1976,"Innsbruck, Austria",1000m Men,Peter Mueller,USA,GOLD,01:19.32,590
1976,"Innsbruck, Austria",1000m Men,Jørn Didriksen,NOR,SILVER,01:20.45,590
1976,"Innsbruck, Austria",1000m Men,Valery Muratov,URS,BRONZE,01:20.57,590
1976,"Innsbruck, Austria",1500m Men,Jan Egil Storholt,NOR,GOLD,01:59.38,590
1976,"Innsbruck, Austria",1500m Men,Yuri Kondakov,URS,SILVER,01:59.97,590
1976,"Innsbruck, Austria",1500m Men,Hans van Helden,NED,BRONZE,02:00.87,590
1976,"Innsbruck, Austria",5000m Men,Sten Stensen,NOR,GOLD,07:24.48,590
1976,"Innsbruck, Austria",5000m Men,Piet Kleine,NED,SILVER,07:26.47,590
1976,"Innsbruck, Austria",5000m Men,Hans van Helden,NED,BRONZE,07:26.54,590
1976,"Innsbruck, Austria",10000m Men,Piet Kleine,NED,GOLD,14:50.59,590
1976,"Innsbruck, Austria",10000m Men,Sten Stensen,NOR,SILVER,14:53.30,590
1976,"Innsbruck, Austria",10000m Men,Hans van Helden,NED,BRONZE,15:02.02,590
1976,"Innsbruck, Austria",500m Women,Sheila Young,USA,GOLD,00:42.76,590
1976,"Innsbruck, Austria",500m Women,Cathy Priestner,CAN,SILVER,00:43.12,590
1976,"Innsbruck, Austria",500m Women,Tatyana Averina,URS,BRONZE,00:43.17,590
1976,"Innsbruck, Austria",1000m Women,Tatyana Averina,URS,GOLD,01:28.43,590
1976,"Innsbruck, Austria",1000m Women,Leah Poulos-Mueller,USA,SILVER,01:28.57,590
1976,"Innsbruck, Austria",1000m Women,Sheila Young,USA,BRONZE,01:29.14,590
1976,"Innsbruck, Austria",1500m Women,Galina Stepanskaya,URS,GOLD,02:16.58,590
1976,"Innsbruck, Austria",1500m Women,Sheila Young,USA,SILVER,02:17.06,590
1976,"Innsbruck, Austria",1500m Women,Tatyana Averina,URS,BRONZE,02:17.96,590
1976,"Innsbruck, Austria",3000m Women,Tatyana Averina,URS,GOLD,04:45.19,590
1976,"Innsbruck, Austria",3000m Women,Andrea Schöne,GDR,SILVER,04:45.23,590
1976,"Innsbruck, Austria",3000m Women,Lisbeth Korsmo-Berg,NOR,BRONZE,04:45.24,590
1980,"Lake Placid, United States",500m Men,Eric Heiden,USA,GOLD,00:38.03,550
1980,"Lake Placid, United States",500m Men,Yevgeny Kulikov,URS,SILVER,00:38.37,550
1980,"Lake Placid, United States",500m Men,Lieuwe de Boer,NED,BRONZE,00:38.48,550
1980,"Lake Placid, United States",1000m Men,Eric Heiden,USA,GOLD,01:15.18,550
1980,"Lake Placid, United States",1000m Men,Gaétan Boucher,CAN,SILVER,01:16.68,550
1980,"Lake Placid, United States",1000m Men,Vladimir Lobanov,URS,BRONZE,01:16.91,550
1980,"Lake Placid, United States",1000m Men,Frode Rønning,NOR,BRONZE,01:16.91,550
1980,"Lake Placid, United States",1500m Men,Eric Heiden,USA,GOLD,01:55.44,550
1980,"Lake Placid, United States",1500m Men,Kay Arne Stenshjemmet,NOR,SILVER,01:56.81,550
1980,"Lake Placid, United States",1500m Men,Terje Andersen,NOR,BRONZE,01:56.92,550
1980,"Lake Placid, United States",5000m Men,Eric Heiden,USA,GOLD,07:02.29,550
1980,"Lake Placid, United States",5000m Men,Kay Arne Stenshjemmet,NOR,SILVER,07:03.28,550
1980,"Lake Placid, United States",5000m Men,Tom Erik Oxholm,NOR,BRONZE,07:05.59,550
1980,"Lake Placid, United States",10000m Men,Eric Heiden,USA,GOLD,14:28.13,550
1980,"Lake Placid, United States",10000m Men,Piet Kleine,NED,SILVER,14:36.03,550
1980,"Lake Placid, United States",10000m Men,Tom Erik Oxholm,NOR,BRONZE,14:36.60,550
1980,"Lake Placid, United States",500m Women,Karin Enke,GDR,GOLD,00:41.78,550
1980,"Lake Placid, United States",500m Women,Leah Poulos-Mueller,USA,SILVER,00:42.26,550
1980,"Lake Placid, United States",500m Women,Natalya Petruseva,URS,BRONZE,00:42.42,550
1980,"Lake Placid, United States",1000m Women,Natalya Petruseva,URS,GOLD,01:24.10,550
1980,"Lake Placid, United States",1000m Women,Leah Poulos-Mueller,USA,SILVER,01:25.41,550
1980,"Lake Placid, United States",1000m Women,Silvia Albrecht,GDR,BRONZE,01:26.46,550
1980,"Lake Placid, United States",1500m Women,Annie Borckink,NED,GOLD,02:10.95,550
1980,"Lake Placid, United States",1500m Women,Ria Visser,NED,SILVER,02:12.35,550
1980,"Lake Placid, United States",1500m Women,Sabine Becker,GDR,BRONZE,02:12.38,550
1980,"Lake Placid, United States",3000m Women,Bjørg Eva Jensen,NOR,GOLD,04:32.13,550
1980,"Lake Placid, United States",3000m Women,Sabine Becker,GDR,SILVER,04:32.79,550
1980,"Lake Placid, United States",3000m Women,Beth Heiden,USA,BRONZE,04:33.77,550
1984,"Sarajevo, Yugoslavia",500m Men,Sergey Fokichev,URS,GOLD,00:38.19,580
1984,"Sarajevo, Yugoslavia",500m Men,Yoshihiro Kitazawa,JPN,SILVER,00:38.30,580
1984,"Sarajevo, Yugoslavia",500m Men,Gaétan Boucher,CAN,BRONZE,00:38.90,580
1984,"Sarajevo, Yugoslavia",1000m Men,Gaétan Boucher,CAN,GOLD,01:15.80,580
1984,"Sarajevo, Yugoslavia",1000m Men,Sergey Khlebnikov,URS,SILVER,01:16.63,580
1984,"Sarajevo, Yugoslavia",1000m Men,Kai Arne Engelstad,NOR,BRONZE,01:16.75,580
1984,"Sarajevo, Yugoslavia",1500m Men,Gaétan Boucher,CAN,GOLD,01:58.36,580
1984,"Sarajevo, Yugoslavia",1500m Men,Sergey Khlebnikov,URS,SILVER,01:58.83,580
1984,"Sarajevo, Yugoslavia",1500m Men,Oleg Bozhyev,URS,BRONZE,01:58.89,580
1984,"Sarajevo, Yugoslavia",5000m Men,Tomas Gustafsson,SWE,GOLD,07:12.28,580
1984,"Sarajevo, Yugoslavia",5000m Men,Igor Malkov,URS,SILVER,07:12.30,580
1984,"Sarajevo, Yugoslavia",5000m Men,René Schöfisch,GDR,BRONZE,07:17.49,580
1984,"Sarajevo, Yugoslavia",10000m Men,Igor Malkov,URS,GOLD,14:39.90,580
1984,"Sarajevo, Yugoslavia",10000m Men,Tomas Gustafsson,SWE,SILVER,14:39.95,580
1984,"Sarajevo, Yugoslavia",10000m Men,René Schöfisch,GDR,BRONZE,14:46.91,580
1984,"Sarajevo, Yugoslavia",500m Women,Christa Rothenburger,GDR,GOLD,00:41.02,580
1984,"Sarajevo, Yugoslavia",500m Women,Karin Enke,GDR,SILVER,00:41.28,580
1984,"Sarajevo, Yugoslavia",500m Women,Natalya Shive,URS,BRONZE,00:41.50,580
1984,"Sarajevo, Yugoslavia",1000m Women,Karin Enke,GDR,GOLD,01:21.61,580
1984,"Sarajevo, Yugoslavia",1000m Women,Andrea Schöne,GDR,SILVER,01:22.83,580
1984,"Sarajevo, Yugoslavia",1000m Women,Natalya Petruseva,URS,BRONZE,01:23.21,580
1984,"Sarajevo, Yugoslavia",1500m Women,Karin Enke,GDR,GOLD,02:03.42,580
1984,"Sarajevo, Yugoslavia",1500m Women,Andrea Schöne,GDR,SILVER,02:05.29,580
1984,"Sarajevo, Yugoslavia",1500m Women,Natalya Petruseva,URS,BRONZE,02:05.78,580
1984,"Sarajevo, Yugoslavia",3000m Women,Andrea Schöne,GDR,GOLD,04:24.79,580
1984,"Sarajevo, Yugoslavia",3000m Women,Karin Enke,GDR,SILVER,04:26.33,580
1984,"Sarajevo, Yugoslavia",3000m Women,Gabi Zange-Schönbrunn,GDR,BRONZE,04:33.13,580
1988,"Calgary, Canada",500m Men,Uwe-Jens Mey,GDR,GOLD,00:36.45,1105
1988,"Calgary, Canada",500m Men,Jan Ykema,NED,SILVER,00:36.76,1105
1988,"Calgary, Canada",500m Men,Akira Kuroiwa,JPN,BRONZE,00:36.77,1105
1988,"Calgary, Canada",1000m Men,Nikolay Gulyaev,URS,GOLD,01:13.03,1105
1988,"Calgary, Canada",1000m Men,Uwe-Jens Mey,GDR,SILVER,01:13.11,1105
1988,"Calgary, Canada",1000m Men,Igor Zhelezovsky,URS,BRONZE,01:13.19,1105
1988,"Calgary, Canada",1500m Men,André Hoffmann,GDR,GOLD,01:52.06,1105
1988,"Calgary, Canada",1500m Men,Eric Flaim,USA,SILVER,01:52.12,1105
1988,"Calgary, Canada",1500m Men,Michael Hadschieff,AUT,BRONZE,01:52.31,1105
1988,"Calgary, Canada",5000m Men,Tomas Gustafsson,SWE,GOLD,06:44.63,1105
1988,"Calgary, Canada",5000m Men,Leo Visser,NED,SILVER,06:44.98,1105
1988,"Calgary, Canada",5000m Men,Gerard Kemkers,NED,BRONZE,06:45.92,1105
1988,"Calgary, Canada",10000m Men,Tomas Gustafsson,SWE,GOLD,13:48.20,1105
1988,"Calgary, Canada",10000m Men,Michael Hadschieff,AUT,SILVER,13:56.11,1105
1988,"Calgary, Canada",10000m Men,Leo Visser,NED,BRONZE,14:00.55,1105
1988,"Calgary, Canada",500m Women,Bonnie Blair,USA,GOLD,00:39.10,1105
1988,"Calgary, Canada",500m Women,Christa Rothenburger,GDR,SILVER,00:39.12,1105
1988,"Calgary, Canada",500m Women,Karin Enke,GDR,BRONZE,00:39.24,1105
1988,"Calgary, Canada",1000m Women,Christa Rothenburger,GDR,GOLD,01:17.65,1105
1988,"Calgary, Canada",1000m Women,Karin Enke,GDR,SILVER,01:17.70,1105
1988,"Calgary, Canada",1000m Women,Bonnie Blair,USA,BRONZE,01:18.31,1105
1988,"Calgary, Canada",1500m Women,Yvonne van Gennip,NED,GOLD,02:00.68,1105
1988,"Calgary, Canada",1500m Women,Karin Enke,GDR,SILVER,02:00.82,1105
1988,"Calgary, Canada",1500m Women,Andrea Schöne,GDR,BRONZE,02:01.49,1105
1988,"Calgary, Canada",3000m Women,Yvonne van Gennip,NED,GOLD,04:11.94,1105
1988,"Calgary, Canada",3000m Women,Andrea Schöne,GDR,SILVER,04:12.09,1105
1988,"Calgary, Canada",3000m Women,Gabi Zange-Schönbrunn,GDR,BRONZE,04:16.92,1105
1988,"Calgary, Canada",5000m Women,Yvonne van Gennip,NED,GOLD,07:14.13,1105
1988,"Calgary, Canada",5000m Women,Andrea Schöne,GDR,SILVER,07:17.12,1105
1988,"Calgary, Canada",5000m Women,Gabi Zange-Schönbrunn,GDR,BRONZE,07:21.61,1105
1992,"Albertville, France",500m Men,Uwe-Jens Mey,GER,GOLD,00:37.14,352
1992,"Albertville, France",500m Men,Toshiyuki Kuroiwa,JPN,SILVER,00:37.18,352
1992,"Albertville, France",500m Men,Junichi Inoue,JPN,BRONZE,00:37.26,352
1992,"Albertville, France",1000m Men,Olaf Zinke,GER,GOLD,01:14.85,352
1992,"Albertville, France",1000m Men,Yoon-Man Kim,KOR,SILVER,01:14.86,352
1992,"Albertville, France",1000m Men,Yukinori Miyabe,JPN,BRONZE,01:14.92,352
1992,"Albertville, France",1500m Men,Johann Koss,NOR,GOLD,01:54.81,352
1992,"Albertville, France",1500m Men,Ådne Søndrål,NOR,SILVER,01:54.85,352
1992,"Albertville, France",1500m Men,Leo Visser,NED,BRONZE,01:54.90,352
1992,"Albertville, France",5000m Men,Geir Karlstad,NOR,GOLD,06:59.97,352
1992,"Albertville, France",5000m Men,Falko Zandstra,NED,SILVER,07:02.28,352
1992,"Albertville, France",5000m Men,Leo Visser,NED,BRONZE,07:04.96,352
1992,"Albertville, France",10000m Men,Bart Veldkamp,NED,GOLD,14:12.12,352
1992,"Albertville, France",10000m Men,Johann Koss,NOR,SILVER,14:14.58,352
1992,"Albertville, France",10000m Men,Geir Karlstad,NOR,BRONZE,14:18.13,352
1992,"Albertville, France",500m Women,Bonnie Blair,USA,GOLD,00:40.33,352
1992,"Albertville, France",500m Women,Qiaobo Ye,CHN,SILVER,00:40.51,352
1992,"Albertville, France",500m Women,Christa Rothenburger,GER,BRONZE,00:40.57,352
1992,"Albertville, France",1000m Women,Bonnie Blair,USA,GOLD,01:21.90,352
1992,"Albertville, France",1000m Women,Qiaobo Ye,CHN,SILVER,01:21.92,352
1992,"Albertville, France",1000m Women,Monique Garbrecht,GER,BRONZE,01:22.10,352
1992,"Albertville, France",1500m Women,Jacqueline Börner,GER,GOLD,02:05.87,352
1992,"Albertville, France",1500m Women,Gunda Niemann,GER,SILVER,02:05.92,352
1992,"Albertville, France",1500m Women,Seiko Hashimoto,JPN,BRONZE,02:06.88,352
1992,"Albertville, France",3000m Women,Gunda Niemann,GER,GOLD,04:19.90,352
1992,"Albertville, France",3000m Women,Heike Warnicke,GER,SILVER,04:22.88,352
1992,"Albertville, France",3000m Women,Emese Hunyady,AUT,BRONZE,04:24.64,352
1992,"Albertville, France",5000m Women,Gunda Niemann,GER,GOLD,07:31.57,352
1992,"Albertville, France",5000m Women,Heike Warnicke,GER,SILVER,07:37.59,352
1992,"Albertville, France",5000m Women,Claudia Pechstein,GER,BRONZE,07:39.80,352
1992,"Albertville, France",1000m Short Track Men,Ki-Hoon Kim,KOR,GOLD,01:30.76,352
1992,"Albertville, France",1000m Short Track Men,Frédéric Blackburn,CAN,SILVER,01:31.11,352
1992,"Albertville, France",1000m Short Track Men,Joon-Ho Lee,KOR,BRONZE,01:31.16,352
1992,"Albertville, France",5000m Short Track Relay Men,Joon-Ho Lee,KOR,GOLD,07:14.02,352
1992,"Albertville, France",5000m Short Track Relay Men,Ji-Su Mo,KOR,GOLD,07:14.02,352
1992,"Albertville, France",5000m Short Track Relay Men,Ki-Hoon Kim,KOR,GOLD,07:14.02,352
1992,"Albertville, France",5000m Short Track Relay Men,Jae-Kun Song,KOR,GOLD,07:14.02,352
1992,"Albertville, France",5000m Short Track Relay Men,Sylvain Gagnon,CAN,SILVER,07:14.06,352
1992,"Albertville, France",5000m Short Track Relay Men,Marck Lackie,CAN,SILVER,07:14.06,352
1992,"Albertville, France",5000m Short Track Relay Men,Frédéric Blackburn,CAN,SILVER,07:14.06,352
1992,"Albertville, France",5000m Short Track Relay Men,Michel Daignault,CAN,SILVER,07:14.06,352
1992,"Albertville, France",5000m Short Track Relay Men,Yuichi Akasaka,JPN,BRONZE,07:18.18,352
1992,"Albertville, France",5000m Short Track Relay Men,Tatsuyoshi Ishihara,JPN,BRONZE,07:18.18,352
1992,"Albertville, France",5000m Short Track Relay Men,Toshinobu Kawai,JPN,BRONZE,07:18.18,352
1992,"Albertville, France",5000m Short Track Relay Men,Tsutomu Kawasaki,JPN,BRONZE,07:18.18,352
1992,"Albertville, France",500m Short Track Women,Cathy Turner,USA,GOLD,00:47.04,352
1992,"Albertville, France",500m Short Track Women,Yan Li,CHN,SILVER,00:47.08,352
1992,"Albertville, France",500m Short Track Women,Ok-Sil Hwang,PRK,BRONZE,00:47.23,352
1992,"Albertville, France",3000m Short Track Relay Women,Angela Cutrone,CAN,GOLD,04:36.62,352
1992,"Albertville, France",3000m Short Track Relay Women,Sylvie Daigle,CAN,GOLD,04:36.62,352
1992,"Albertville, France",3000m Short Track Relay Women,Nathalie Lambert,CAN,GOLD,04:36.62,352
1992,"Albertville, France",3000m Short Track Relay Women,Annie Perreault,CAN,GOLD,04:36.62,352
1992,"Albertville, France",3000m Short Track Relay Women,Amy Peterson,USA,SILVER,04:37.85,352
1992,"Albertville, France",3000m Short Track Relay Women,Cathy Turner,USA,SILVER,04:37.85,352
1992,"Albertville, France",3000m Short Track Relay Women,Nikki Ziegelmeyer,USA,SILVER,04:37.85,352
1992,"Albertville, France",3000m Short Track Relay Women,Darcie Dohnal,USA,SILVER,04:37.85,352
1992,"Albertville, France",3000m Short Track Relay Women,Natalya Isakova,URS,BRONZE,04:42.69,352
1992,"Albertville, France",3000m Short Track Relay Women,Yuliya Allagulova,URS,BRONZE,04:42.69,352
1992,"Albertville, France",3000m Short Track Relay Women,Viktoriya Taranina,URS,BRONZE,04:42.69,352
1992,"Albertville, France",3000m Short Track Relay Women,Yuliya Vlasova,URS,BRONZE,04:42.69,352
1994,"Lillehammer, Norway",500m Men,Aleksandr Golubev,RUS,GOLD,00:36.33,125
1994,"Lillehammer, Norway",500m Men,Sergey Klevchenya,RUS,SILVER,00:36.39,125
1994,"Lillehammer, Norway",500m Men,Manabu Horii,JPN,BRONZE,00:36.53,125
1994,"Lillehammer, Norway",1000m Men,Dan Jansen,USA,GOLD,01:12.43,125
1994,"Lillehammer, Norway",1000m Men,Igor Zhelezovsky,BLR,SILVER,01:12.72,125
1994,"Lillehammer, Norway",1000m Men,Sergey Klevchenya,RUS,BRONZE,01:12.85,125
1994,"Lillehammer, Norway",1500m Men,Johann Koss,NOR,GOLD,01:51.29,125
1994,"Lillehammer, Norway",1500m Men,Rintje Ritsma,NED,SILVER,01:51.99,125
1994,"Lillehammer, Norway",1500m Men,Falko Zandstra,NED,BRONZE,01:52.38,125
1994,"Lillehammer, Norway",5000m Men,Johann Koss,NOR,GOLD,06:34.96,125
1994,"Lillehammer, Norway",5000m Men,Kjell Storelid,NOR,SILVER,06:42.68,125
1994,"Lillehammer, Norway",5000m Men,Rintje Ritsma,NED,BRONZE,06:43.94,125
1994,"Lillehammer, Norway",10000m Men,Johann Koss,NOR,GOLD,13:30.55,125
1994,"Lillehammer, Norway",10000m Men,Kjell Storelid,NOR,SILVER,13:49.25,125
1994,"Lillehammer, Norway",10000m Men,Bart Veldkamp,NED,BRONZE,13:56.73,125
1994,"Lillehammer, Norway",500m Women,Bonnie Blair,USA,GOLD,00:39.25,125
1994,"Lillehammer, Norway",500m Women,Susan Auch,CAN,SILVER,00:39.61,125
1994,"Lillehammer, Norway",500m Women,Franziska Schenk,GER,BRONZE,00:39.70,125
1994,"Lillehammer, Norway",1000m Women,Bonnie Blair,USA,GOLD,01:18.74,125
1994,"Lillehammer, Norway",1000m Women,Anke Baier-Loef,GER,SILVER,01:20.12,125
1994,"Lillehammer, Norway",1000m Women,Qiaobo Ye,CHN,BRONZE,01:20.22,125
1994,"Lillehammer, Norway",1500m Women,Emese Hunyady,AUT,GOLD,02:02.19,125
1994,"Lillehammer, Norway",1500m Women,Svetlana Fedotkina,RUS,SILVER,02:02.69,125
1994,"Lillehammer, Norway",1500m Women,Gunda Niemann,GER,BRONZE,02:03.41,125
1994,"Lillehammer, Norway",3000m Women,Svetlana Bashanova,RUS,GOLD,04:17.43,125
1994,"Lillehammer, Norway",3000m Women,Emese Hunyady,AUT,SILVER,04:18.14,125
1994,"Lillehammer, Norway",3000m Women,Claudia Pechstein,GER,BRONZE,04:18.34,125
1994,"Lillehammer, Norway",5000m Women,Claudia Pechstein,GER,GOLD,07:14.37,125
1994,"Lillehammer, Norway",5000m Women,Gunda Niemann,GER,SILVER,07:14.88,125
1994,"Lillehammer, Norway",5000m Women,Hiromi Yamamoto,JPN,BRONZE,07:19.68,125
1994,"Lillehammer, Norway",500m Short Track Men,Ji-Hoon Chae,KOR,GOLD,00:43.45,125
1994,"Lillehammer, Norway",500m Short Track Men,Mirko Vuillermin,ITA,SILVER,00:43.47,125
1994,"Lillehammer, Norway",500m Short Track Men,Nicholas Gooch,GBR,BRONZE,00:43.68,125
1994,"Lillehammer, Norway",1000m Short Track Men,Ki-Hoon Kim,KOR,GOLD,01:34.57,125
1994,"Lillehammer, Norway",1000m Short Track Men,Ji-Hoon Chae,KOR,SILVER,01:34.92,125
1994,"Lillehammer, Norway",1000m Short Track Men,Marc Gagnon,CAN,BRONZE,01:33.03,125
1994,"Lillehammer, Norway",5000m Short Track Relay Men,Orazio Fagone,ITA,GOLD,07:11.74,125
1994,"Lillehammer, Norway",5000m Short Track Relay Men,Hugo Herrnhof,ITA,GOLD,07:11.74,125
1994,"Lillehammer, Norway",5000m Short Track Relay Men,Maurizio Carnino,ITA,GOLD,07:11.74,125
1994,"Lillehammer, Norway",5000m Short Track Relay Men,Mirko Vuillermin,ITA,GOLD,07:11.74,125
1994,"Lillehammer, Norway",5000m Short Track Relay Men,Randall Bartz,USA,SILVER,07:13.68,125
1994,"Lillehammer, Norway",5000m Short Track Relay Men,Eric Flaim,USA,SILVER,07:13.68,125
1994,"Lillehammer, Norway",5000m Short Track Relay Men,Andrew Gabel,USA,SILVER,07:13.68,125
1994,"Lillehammer, Norway",5000m Short Track Relay Men,John Coyle,USA,SILVER,07:13.68,125
1994,"Lillehammer, Norway",5000m Short Track Relay Men,Steven Bradbury,AUS,BRONZE,07:13.68,125
1994,"Lillehammer, Norway",5000m Short Track Relay Men,Andrew Murtha,AUS,BRONZE,07:13.68,125
1994,"Lillehammer, Norway",5000m Short Track Relay Men,Kieran Hansen,AUS,BRONZE,07:13.68,125
1994,"Lillehammer, Norway",5000m Short Track Relay Men,Richard Nizielski,AUS,BRONZE,07:13.68,125
1994,"Lillehammer, Norway",500m Short Track Women,Cathy Turner,USA,GOLD,00:45.98,125
1994,"Lillehammer, Norway",500m Short Track Women,Yanmei Zhang,CHN,SILVER,00:46.44,125
1994,"Lillehammer, Norway",500m Short Track Women,Amy Peterson,USA,BRONZE,00:46.76,125
1994,"Lillehammer, Norway",1000m Short Track Women,Lee-Kyung Chun,KOR,GOLD,01:36.87,125
1994,"Lillehammer, Norway",1000m Short Track Women,Nathalie Lambert,CAN,SILVER,01:36.97,125
1994,"Lillehammer, Norway",1000m Short Track Women,So-Hee Kim,KOR,BRONZE,01:37.09,125
1994,"Lillehammer, Norway",3000m Short Track Relay Women,So-Hee Kim,KOR,GOLD,04:26.64,125
1994,"Lillehammer, Norway",3000m Short Track Relay Women,Yoon-Mi Kim,KOR,GOLD,04:26.64,125
1994,"Lillehammer, Norway",3000m Short Track Relay Women,Lee-Kyung Chun,KOR,GOLD,04:26.64,125
1994,"Lillehammer, Norway",3000m Short Track Relay Women,Hye-Kyung Won,KOR,GOLD,04:26.64,125
1994,"Lillehammer, Norway",3000m Short Track Relay Women,Isabelle Charest,CAN,SILVER,04:32.04,125
1994,"Lillehammer, Norway",3000m Short Track Relay Women,Sylvie Daigle,CAN,SILVER,04:32.04,125
1994,"Lillehammer, Norway",3000m Short Track Relay Women,Christine Boudrias,CAN,SILVER,04:32.04,125
1994,"Lillehammer, Norway",3000m Short Track Relay Women,Nathalie Lambert,CAN,SILVER,04:32.04,125
1994,"Lillehammer, Norway",3000m Short Track Relay Women,Karen Cashman,USA,BRONZE,04:39.34,125
1994,"Lillehammer, Norway",3000m Short Track Relay Women,Cathy Turner,USA,BRONZE,04:39.34,125
1994,"Lillehammer, Norway",3000m Short Track Relay Women,Amy Peterson,USA,BRONZE,04:39.34,125
1994,"Lillehammer, Norway",3000m Short Track Relay Women,Nikki Ziegelmeyer,USA,BRONZE,04:39.34,125
1998,"Nagano, Japan",500m Men,Hiroyasu Shimizu,JPN,GOLD,01:11.35,346
1998,"Nagano, Japan",500m Men,Jeremy Wotherspoon,CAN,SILVER,01:11.84,346
1998,"Nagano, Japan",500m Men,Kevin Overland,CAN,BRONZE,01:11.86,346
1998,"Nagano, Japan",1000m Men,Ids Postma,NED,GOLD,01:10.64,346
1998,"Nagano, Japan",1000m Men,Jan Bos,NED,SILVER,01:10.71,346
1998,"Nagano, Japan",1000m Men,Hiroyasu Shimizu,JPN,BRONZE,01:11.00,346
1998,"Nagano, Japan",1500m Men,Ådne Søndrål,NOR,GOLD,01:47.87,346
1998,"Nagano, Japan",1500m Men,Ids Postma,NED,SILVER,01:48.13,346
1998,"Nagano, Japan",1500m Men,Rintje Ritsma,NED,BRONZE,01:48.52,346
1998,"Nagano, Japan",5000m Men,Gianni Romme,NED,GOLD,06:22.20,346
1998,"Nagano, Japan",5000m Men,Rintje Ritsma,NED,SILVER,06:28.24,346
1998,"Nagano, Japan",5000m Men,Bart Veldkamp,BEL,BRONZE,06:28.31,346
1998,"Nagano, Japan",10000m Men,Gianni Romme,NED,GOLD,13:15.33,346
1998,"Nagano, Japan",10000m Men,Bob de Jong,NED,SILVER,13:25.76,346
1998,"Nagano, Japan",10000m Men,Rintje Ritsma,NED,BRONZE,13:28.19,346
1998,"Nagano, Japan",500m Women,Catriona Lemay-Doan,CAN,GOLD,01:16.60,346
1998,"Nagano, Japan",500m Women,Susan Auch,CAN,SILVER,01:16.93,346
1998,"Nagano, Japan",500m Women,Tomomi Okazaki,JPN,BRONZE,01:17.10,346
1998,"Nagano, Japan",1000m Women,Marianne Timmer,NED,GOLD,01:16.51,346
1998,"Nagano, Japan",1000m Women,Christine Witty,USA,SILVER,01:16.79,346
1998,"Nagano, Japan",1000m Women,Catriona Lemay-Doan,CAN,BRONZE,01:17.37,346
1998,"Nagano, Japan",1500m Women,Marianne Timmer,NED,GOLD,01:57.58,346
1998,"Nagano, Japan",1500m Women,Gunda Niemann,GER,SILVER,01:58.66,346
1998,"Nagano, Japan",1500m Women,Christine Witty,USA,BRONZE,01:58.97,346
1998,"Nagano, Japan",3000m Women,Gunda Niemann,GER,GOLD,04:07.29,346
1998,"Nagano, Japan",3000m Women,Claudia Pechstein,GER,SILVER,04:08.47,346
1998,"Nagano, Japan",3000m Women,Anna Friesinger,GER,BRONZE,04:09.44,346
1998,"Nagano, Japan",5000m Women,Claudia Pechstein,GER,GOLD,06:59.61,346
1998,"Nagano, Japan",5000m Women,Gunda Niemann,GER,SILVER,06:59.65,346
1998,"Nagano, Japan",5000m Women,Lyudmila Prokasheva,KAZ,BRONZE,07:11.14,346
1998,"Nagano, Japan",500m Short Track Men,Takafumi Nishitani,JPN,GOLD,00:42.862,346
1998,"Nagano, Japan",500m Short Track Men,Yulong An,CHN,SILVER,00:43.022,346
1998,"Nagano, Japan",500m Short Track Men,Hitoshi Uematsu,JPN,BRONZE,00:43.713,346
1998,"Nagano, Japan",1000m Short Track Men,Dong-Sung Kim,KOR,GOLD,01:32.375,346
1998,"Nagano, Japan",1000m Short Track Men,Jiajun Li,CHN,SILVER,01:32.428,346
1998,"Nagano, Japan",1000m Short Track Men,Éric Bédard,CAN,BRONZE,01:32.661,346
1998,"Nagano, Japan",5000m Short Track Relay Men,Éric Bédard,CAN,GOLD,07:06.075,346
1998,"Nagano, Japan",5000m Short Track Relay Men,Derrick Campbell,CAN,GOLD,07:06.075,346
1998,"Nagano, Japan",5000m Short Track Relay Men,Marc Gagnon,CAN,GOLD,07:06.075,346
1998,"Nagano, Japan",5000m Short Track Relay Men,Francois Drolet,CAN,GOLD,07:06.075,346
1998,"Nagano, Japan",5000m Short Track Relay Men,Dong-Sung Kim,KOR,SILVER,07:06.776,346
1998,"Nagano, Japan",5000m Short Track Relay Men,Ji-Hoon Chae,KOR,SILVER,07:06.776,346
1998,"Nagano, Japan",5000m Short Track Relay Men,Ho-Eung Lee,KOR,SILVER,07:06.776,346
1998,"Nagano, Japan",5000m Short Track Relay Men,Jun-Hwan Lee,KOR,SILVER,07:06.776,346
1998,"Nagano, Japan",5000m Short Track Relay Men,Jiajun Li,CHN,BRONZE,07:11.559,346
1998,"Nagano, Japan",5000m Short Track Relay Men,Yulong An,CHN,BRONZE,07:11.559,346
1998,"Nagano, Japan",5000m Short Track Relay Men,Kai Feng,CHN,BRONZE,07:11.559,346
1998,"Nagano, Japan",5000m Short Track Relay Men,Ye Yuan,CHN,BRONZE,07:11.559,346
1998,"Nagano, Japan",500m Short Track Women,Annie Perreault,CAN,GOLD,00:46.568,346
1998,"Nagano, Japan",500m Short Track Women,Yang (S) Yang,CHN,SILVER,00:46.627,346
1998,"Nagano, Japan",500m Short Track Women,Lee-Kyung Chun,KOR,BRONZE,00:46.335,346
1998,"Nagano, Japan",1000m Short Track Women,Lee-Kyung Chun,KOR,GOLD,01:42.776,346
1998,"Nagano, Japan",1000m Short Track Women,Yang (S) Yang,CHN,SILVER,01:43.343,346
1998,"Nagano, Japan",1000m Short Track Women,Hye-Kyung Won,KOR,BRONZE,01:43.361,346
1998,"Nagano, Japan",3000m Short Track Relay Women,Hye-Kyung Won,KOR,GOLD,04:16.260,346
1998,"Nagano, Japan",3000m Short Track Relay Women,Lee-Kyung Chun,KOR,GOLD,04:16.260,346
1998,"Nagano, Japan",3000m Short Track Relay Women,Yoon-Mi Kim,KOR,GOLD,04:16.260,346
1998,"Nagano, Japan",3000m Short Track Relay Women,Sang-Me An,KOR,GOLD,04:16.260,346
1998,"Nagano, Japan",3000m Short Track Relay Women,Dandan Sun,CHN,SILVER,04:16.383,346
1998,"Nagano, Japan",3000m Short Track Relay Women,Yang (S) Yang,CHN,SILVER,04:16.383,346
1998,"Nagano, Japan",3000m Short Track Relay Women,Yang (A) Yang,CHN,SILVER,04:16.383,346
1998,"Nagano, Japan",3000m Short Track Relay Women,Chunlu Wang,CHN,SILVER,04:16.383,346
1998,"Nagano, Japan",3000m Short Track Relay Women,Tania Vicent,CAN,BRONZE,04:21.205,346
1998,"Nagano, Japan",3000m Short Track Relay Women,Annie Perreault,CAN,BRONZE,04:21.205,346
1998,"Nagano, Japan",3000m Short Track Relay Women,Isabelle Charest,CAN,BRONZE,04:21.205,346
1998,"Nagano, Japan",3000m Short Track Relay Women,Christine Boudrias,CAN,BRONZE,04:21.205,346
2002,"Salt Lake City, United States",500m Men,Casey FitzRandolph,USA,GOLD,00:69.23,1423
2002,"Salt Lake City, United States",500m Men,Hiroyasu Shimizu,JPN,SILVER,00:69.26,1423
2002,"Salt Lake City, United States",500m Men,Kip Carpenter,USA,BRONZE,00:69.47,1423
2002,"Salt Lake City, United States",1000m Men,Gerard van Velde,NED,GOLD,01:07.18,1423
2002,"Salt Lake City, United States",1000m Men,Jan Bos,NED,SILVER,01:07.53,1423
2002,"Salt Lake City, United States",1000m Men,Joey Cheek,USA,BRONZE,01:07.61,1423
2002,"Salt Lake City, United States",1500m Men,Derek Parra,USA,GOLD,01:43.95,1423
2002,"Salt Lake City, United States",1500m Men,Jochem Uytdehaage,NED,SILVER,01:44.57,1423
2002,"Salt Lake City, United States",1500m Men,Ådne Søndrål,NOR,BRONZE,01:45.26,1423
2002,"Salt Lake City, United States",5000m Men,Jochem Uytdehaage,NED,GOLD,06:14.66,1423
2002,"Salt Lake City, United States",5000m Men,Derek Parra,USA,SILVER,06:17.98,1423
2002,"Salt Lake City, United States",5000m Men,Jens Boden,GER,BRONZE,06:21.73,1423
2002,"Salt Lake City, United States",10000m Men,Jochem Uytdehaage,NED,GOLD,12:58.92,1423
2002,"Salt Lake City, United States",10000m Men,Gianni Romme,NED,SILVER,13:10.03,1423
2002,"Salt Lake City, United States",10000m Men,Lasse Sätre,NOR,BRONZE,13:16.92,1423
2002,"Salt Lake City, United States",500m Women,Catriona Lemay-Doan,CAN,GOLD,01:14.75,1423
2002,"Salt Lake City, United States",500m Women,Monique Garbrecht,GER,SILVER,01:14.94,1423
2002,"Salt Lake City, United States",500m Women,Sabine Völker,GER,BRONZE,01:15.19,1423
2002,"Salt Lake City, United States",1000m Women,Christine Witty,USA,GOLD,01:13.83,1423
2002,"Salt Lake City, United States",1000m Women,Sabine Völker,GER,SILVER,01:13.96,1423
2002,"Salt Lake City, United States",1000m Women,Jennifer Rodriguez,USA,BRONZE,01:14.24,1423
2002,"Salt Lake City, United States",1500m Women,Anna Friesinger,GER,GOLD,01:54.02,1423
2002,"Salt Lake City, United States",1500m Women,Sabine Völker,GER,SILVER,01:54.97,1423
2002,"Salt Lake City, United States",1500m Women,Jennifer Rodriguez,USA,BRONZE,01:55.32,1423
2002,"Salt Lake City, United States",3000m Women,Claudia Pechstein,GER,GOLD,03:57.70,1423
2002,"Salt Lake City, United States",3000m Women,Renate Groenevold,NED,SILVER,03:58.94,1423
2002,"Salt Lake City, United States",3000m Women,Cindy Klassen,CAN,BRONZE,03:58.97,1423
2002,"Salt Lake City, United States",5000m Women,Claudia Pechstein,GER,GOLD,06:46.91,1423
2002,"Salt Lake City, United States",5000m Women,Greta Smit,NED,SILVER,06:49.22,1423
2002,"Salt Lake City, United States",5000m Women,Clara Hughes,CAN,BRONZE,06:53.53,1423
2002,"Salt Lake City, United States",500m Short Track Men,Marc Gagnon,CAN,GOLD,00:41.802,1423
2002,"Salt Lake City, United States",500m Short Track Men,Jonathan Guilmette,CAN,SILVER,00:41.994,1423
2002,"Salt Lake City, United States",500m Short Track Men,Rusty Smith,USA,BRONZE,00:42.027,1423
2002,"Salt Lake City, United States",1000m Short Track Men,Steven Bradbury,AUS,GOLD,01:29.109,1423
2002,"Salt Lake City, United States",1000m Short Track Men,Apolo Anton Ohno,USA,SILVER,01:30.160,1423
2002,"Salt Lake City, United States",1000m Short Track Men,Mathieu Turcotte,CAN,BRONZE,01:30.563,1423
2002,"Salt Lake City, United States",5000m Short Track Relay Men,Mathieu Turcotte,CAN,GOLD,06:51.579,1423
2002,"Salt Lake City, United States",5000m Short Track Relay Men,Francois-Louis Tremblay,CAN,GOLD,06:51.579,1423
2002,"Salt Lake City, United States",5000m Short Track Relay Men,Jonathan Guilmette,CAN,GOLD,06:51.579,1423
2002,"Salt Lake City, United States",5000m Short Track Relay Men,Marc Gagnon,CAN,GOLD,06:51.579,1423
2002,"Salt Lake City, United States",5000m Short Track Relay Men,Nicola Franceschina,ITA,SILVER,06:56.327,1423
2002,"Salt Lake City, United States",5000m Short Track Relay Men,Maurizio Carnino,ITA,SILVER,06:56.327,1423
2002,"Salt Lake City, United States",5000m Short Track Relay Men,Fabio Carta,ITA,SILVER,06:56.327,1423
2002,"Salt Lake City, United States",5000m Short Track Relay Men,Nicola Rodigari,ITA,SILVER,06:56.327,1423
2002,"Salt Lake City, United States",5000m Short Track Relay Men,Kai Feng,CHN,BRONZE,06:59.633,1423
2002,"Salt Lake City, United States",5000m Short Track Relay Men,Wei Guo,CHN,BRONZE,06:59.633,1423
2002,"Salt Lake City, United States",5000m Short Track Relay Men,Ye Li,CHN,BRONZE,06:59.633,1423
2002,"Salt Lake City, United States",5000m Short Track Relay Men,Jiajun Li,CHN,BRONZE,06:59.633,1423
2002,"Salt Lake City, United States",1500m Short Track Men,Apolo Anton Ohno,USA,GOLD,02:18.541,1423
2002,"Salt Lake City, United States",1500m Short Track Men,Jiajun Li,CHN,SILVER,02:18.731,1423
2002,"Salt Lake City, United States",1500m Short Track Men,Marc Gagnon,CAN,BRONZE,02:18.806,1423
2002,"Salt Lake City, United States",500m Short Track Women,Yang (A) Yang,CHN,GOLD,00:44.187,1423
2002,"Salt Lake City, United States",500m Short Track Women,Evgenia Radanova,BUL,SILVER,00:44.252,1423
2002,"Salt Lake City, United States",500m Short Track Women,Chunlu Wang,CHN,BRONZE,00:44.272,1423
2002,"Salt Lake City, United States",1000m Short Track Women,Yang (A) Yang,CHN,GOLD,01:36.391,1423
2002,"Salt Lake City, United States",1000m Short Track Women,Gi-Hyun Ko,KOR,SILVER,01:36.427,1423
2002,"Salt Lake City, United States",1000m Short Track Women,Yang (S) Yang,CHN,BRONZE,01:37.008,1423
2002,"Salt Lake City, United States",3000m Short Track Relay Women,Hye-Won Park,KOR,GOLD,04:12.793,1423
2002,"Salt Lake City, United States",3000m Short Track Relay Women,Min-Jin Joo,KOR,GOLD,04:12.793,1423
2002,"Salt Lake City, United States",3000m Short Track Relay Women,Eun-Kyung Choi,KOR,GOLD,04:12.793,1423
2002,"Salt Lake City, United States",3000m Short Track Relay Women,Min-Kyung Choi,KOR,GOLD,04:12.793,1423
2002,"Salt Lake City, United States",3000m Short Track Relay Women,Yang (S) Yang,CHN,SILVER,04:13.236,1423
2002,"Salt Lake City, United States",3000m Short Track Relay Women,Chunlu Wang,CHN,SILVER,04:13.236,1423
2002,"Salt Lake City, United States",3000m Short Track Relay Women,Yang (A) Yang,CHN,SILVER,04:13.236,1423
2002,"Salt Lake City, United States",3000m Short Track Relay Women,Dandan Sun,CHN,SILVER,04:13.236,1423
2002,"Salt Lake City, United States",3000m Short Track Relay Women,Marie-Eve Drolet,CAN,BRONZE,04:15.738,1423
2002,"Salt Lake City, United States",3000m Short Track Relay Women,Isabelle Charest,CAN,BRONZE,04:15.738,1423
2002,"Salt Lake City, United States",3000m Short Track Relay Women,Amelie Goulet-Nadon,CAN,BRONZE,04:15.738,1423
2002,"Salt Lake City, United States",3000m Short Track Relay Women,Alanna Kraus,CAN,BRONZE,04:15.738,1423
2002,"Salt Lake City, United States",1500m Short Track Women,Gi-Hyun Ko,KOR,GOLD,02:31.581,1423
2002,"Salt Lake City, United States",1500m Short Track Women,Eun-Kyung Choi,KOR,SILVER,02:31.610,1423
2002,"Salt Lake City, United States",1500m Short Track Women,Evgenia Radanova,BUL,BRONZE,02:31.723,1423
2006,"Turin, Italy",500m Men,Apolo Anton Ohno,USA,GOLD,00:69.76,233
2006,"Turin, Italy",500m Men,Francois-Louis Tremblay,RUS,SILVER,00:70.41,233
2006,"Turin, Italy",500m Men,Ahn Hyun-Soo,KOR,BRONZE,00:70.43,233
2006,"Turin, Italy",1000m Men,Shani Davis,USA,GOLD,01:08.9,233
2006,"Turin, Italy",1000m Men,Joey Cheek,USA,SILVER,01:09.2,233
2006,"Turin, Italy",1000m Men,Erben Wennemars,NED,BRONZE,01:09.3,233
2006,"Turin, Italy",1500m Men,Enrico Fabris,ITA,GOLD,01:46.0,233
2006,"Turin, Italy",1500m Men,Shani Davis,USA,SILVER,01:46.1,233
2006,"Turin, Italy",1500m Men,Chad Hedrick,USA,BRONZE,01:46.2,233
2006,"Turin, Italy",5000m Men,Chad Hedrick,USA,GOLD,06:14.7,233
2006,"Turin, Italy",5000m Men,Sven Kramer,NED,SILVER,06:16.4,233
2006,"Turin, Italy",5000m Men,Enrico Fabris,ITA,BRONZE,06:18.2,233
2006,"Turin, Italy",10000m Men,Bob de Jong,NED,GOLD,13:01.6,233
2006,"Turin, Italy",10000m Men,Chad Hedrick,USA,SILVER,13:05.4,233
2006,"Turin, Italy",10000m Men,Carl Verheijen,NED,BRONZE,13:08.8,233
2006,"Turin, Italy",Team Pursuit Men,Ippolito Sanfratello,ITA,GOLD,03:44.0,233
2006,"Turin, Italy",Team Pursuit Men,Stefano Donagrandi,ITA,GOLD,03:44.0,233
2006,"Turin, Italy",Team Pursuit Men,Enrico Fabris,ITA,GOLD,03:44.0,233
2006,"Turin, Italy",Team Pursuit Men,Matteo Anesi,ITA,GOLD,03:44.0,233
2006,"Turin, Italy",Team Pursuit Men,Steven Elm,CAN,SILVER,03:47.3,233
2006,"Turin, Italy",Team Pursuit Men,Arne Dankers,CAN,SILVER,03:47.3,233
2006,"Turin, Italy",Team Pursuit Men,Jason Parker,CAN,SILVER,03:47.3,233
2006,"Turin, Italy",Team Pursuit Men,Denny Morrison,CAN,SILVER,03:47.3,233
2006,"Turin, Italy",Team Pursuit Men,Justin Warsylewicz,CAN,SILVER,03:47.3,233
2006,"Turin, Italy",Team Pursuit Men,Erben Wennemars,NED,BRONZE,03:44.5,233
2006,"Turin, Italy",Team Pursuit Men,Rintje Ritsma,NED,BRONZE,03:44.5,233
2006,"Turin, Italy",Team Pursuit Men,Carl Verheijen,NED,BRONZE,03:44.5,233
2006,"Turin, Italy",Team Pursuit Men,Mark Tuitert,NED,BRONZE,03:44.5,233
2006,"Turin, Italy",Team Pursuit Men,Sven Kramer,NED,BRONZE,03:44.5,233
2006,"Turin, Italy",500m Women,Svetlana Zhurova,RUS,GOLD,00:76.57,233
2006,"Turin, Italy",500m Women,Wang Manli,CHN,SILVER,00:76.78,233
2006,"Turin, Italy",500m Women,Ren Hui,CHN,BRONZE,00:76.87,233
2006,"Turin, Italy",1000m Women,Marianne Timmer,NED,GOLD,01:16.1,233
2006,"Turin, Italy",1000m Women,Cindy Klassen,CAN,SILVER,01:16.1,233
2006,"Turin, Italy",1000m Women,Anna Friesinger,GER,BRONZE,01:16.1,233
2006,"Turin, Italy",1500m Women,Cindy Klassen,CAN,GOLD,01:55.3,233
2006,"Turin, Italy",1500m Women,Kristina Groves,CAN,SILVER,01:56.7,233
2006,"Turin, Italy",1500m Women,Ireen Wüst,NED,BRONZE,01:56.9,233
2006,"Turin, Italy",3000m Women,Ireen Wüst,NED,GOLD,04:02.4,233
2006,"Turin, Italy",3000m Women,Renate Groenevold,NED,SILVER,04:03.5,233
2006,"Turin, Italy",3000m Women,Cindy Klassen,CAN,BRONZE,04:04.4,233
2006,"Turin, Italy",5000m Women,Clara Hughes,CAN,GOLD,06:59.1,233
2006,"Turin, Italy",5000m Women,Claudia Pechstein,GER,SILVER,07:00.1,233
2006,"Turin, Italy",5000m Women,Cindy Klassen,CAN,BRONZE,07:00.6,233
2006,"Turin, Italy",Team Pursuit Women,Claudia Pechstein,GER,GOLD,03:01.3,233
2006,"Turin, Italy",Team Pursuit Women,Anna Friesinger,GER,GOLD,03:01.3,233
2006,"Turin, Italy",Team Pursuit Women,Daniela Anschütz-Thoms,GER,GOLD,03:01.3,233
2006,"Turin, Italy",Team Pursuit Women,Sabine Völker,GER,GOLD,03:01.3,233
2006,"Turin, Italy",Team Pursuit Women,Lucille Opitz,GER,GOLD,03:01.3,233
2006,"Turin, Italy",Team Pursuit Women,Shannon Rempel,CAN,SILVER,03:02.9,233
2006,"Turin, Italy",Team Pursuit Women,Kristina Groves,CAN,SILVER,03:02.9,233
2006,"Turin, Italy",Team Pursuit Women,Clara Hughes,CAN,SILVER,03:02.9,233
2006,"Turin, Italy",Team Pursuit Women,Christine Nesbitt,CAN,SILVER,03:02.9,233
2006,"Turin, Italy",Team Pursuit Women,Cindy Klassen,CAN,SILVER,03:02.9,233
2006,"Turin, Italy",Team Pursuit Women,Galina Likhachova,RUS,BRONZE,,233
2006,"Turin, Italy",Team Pursuit Women,Yekaterina Lobysheva,RUS,BRONZE,,233
2006,"Turin, Italy",Team Pursuit Women,Yekaterina Abramova,RUS,BRONZE,,233
2006,"Turin, Italy",Team Pursuit Women,Varvara Barysheva,RUS,BRONZE,,233
2006,"Turin, Italy",Team Pursuit Women,Svetlana Vysokova,RUS,BRONZE,,233
2006,"Turin, Italy",500m Short Track Men,Apolo Anton Ohno,USA,GOLD,00:41.935,233
2006,"Turin, Italy",500m Short Track Men,Francois-Louis Tremblay,CAN,SILVER,00:42.002,233
2006,"Turin, Italy",500m Short Track Men,Ahn Hyun-Soo,KOR,BRONZE,00:42.089,233
2006,"Turin, Italy",1000m Short Track Men,Ahn Hyun-Soo,KOR,GOLD,01:26.7,233
2006,"Turin, Italy",1000m Short Track Men,Lee Ho-Suk,KOR,SILVER,01:26.8,233
2006,"Turin, Italy",1000m Short Track Men,Apolo Anton Ohno,USA,BRONZE,01:26.9,233
2006,"Turin, Italy",5000m Short Track Relay Men,Ahn Hyun-Soo,KOR,GOLD,06:43.4,233
2006,"Turin, Italy",5000m Short Track Relay Men,Seo Ho-Jin,KOR,GOLD,06:43.4,233
2006,"Turin, Italy",5000m Short Track Relay Men,Lee Ho-Suk,KOR,GOLD,06:43.4,233
2006,"Turin, Italy",5000m Short Track Relay Men,Song Suk-Woo,KOR,GOLD,06:43.4,233
2006,"Turin, Italy",5000m Short Track Relay Men,Francois-Louis Tremblay,CAN,SILVER,06:43.7,233
2006,"Turin, Italy",5000m Short Track Relay Men,Mathieu Turcotte,CAN,SILVER,06:43.7,233
2006,"Turin, Italy",5000m Short Track Relay Men,Charles Hamelin,CAN,SILVER,06:43.7,233
2006,"Turin, Italy",5000m Short Track Relay Men,Éric Bédard,CAN,SILVER,06:43.7,233
2006,"Turin, Italy",5000m Short Track Relay Men,Alex Izykowski,USA,BRONZE,06:48.0,233
2006,"Turin, Italy",5000m Short Track Relay Men,J.P. Kepka,USA,BRONZE,06:48.0,233
2006,"Turin, Italy",5000m Short Track Relay Men,Apolo Anton Ohno,USA,BRONZE,06:48.0,233
2006,"Turin, Italy",5000m Short Track Relay Men,Rusty Smith,USA,BRONZE,06:48.0,233
2006,"Turin, Italy",1500m Short Track Men,Ahn Hyun-Soo,KOR,GOLD,02:25.3,233
2006,"Turin, Italy",1500m Short Track Men,Lee Ho-Suk,KOR,SILVER,02:25.6,233
2006,"Turin, Italy",1500m Short Track Men,Jiajun Li,CHN,BRONZE,02:26.0,233
2006,"Turin, Italy",500m Short Track Women,Wang Meng,CHN,GOLD,00:44.345,233
2006,"Turin, Italy",500m Short Track Women,Evgenia Radanova,BUL,SILVER,00:44.374,233
2006,"Turin, Italy",500m Short Track Women,Anouk Leblanc-Boucher,CAN,BRONZE,00:44.759,233
2006,"Turin, Italy",1000m Short Track Women,Jin Sun-Yu,KOR,GOLD,01:32.9,233
2006,"Turin, Italy",1000m Short Track Women,Wang Meng,CHN,SILVER,01:33.1,233
2006,"Turin, Italy",1000m Short Track Women,Yang (A) Yang,CHN,BRONZE,01:33.9,233
2006,"Turin, Italy",3000m Short Track Relay Women,Jin Sun-Yu,KOR,GOLD,04:17.0,233
2006,"Turin, Italy",3000m Short Track Relay Women,Eun-Kyung Choi,KOR,GOLD,04:17.0,233
2006,"Turin, Italy",3000m Short Track Relay Women,Byun Chun-Sa,KOR,GOLD,04:17.0,233
2006,"Turin, Italy",3000m Short Track Relay Women,Jeon Da-Hye,KOR,GOLD,04:17.0,233
2006,"Turin, Italy",3000m Short Track Relay Women,Alanna Kraus,CAN,SILVER,04:17.3,233
2006,"Turin, Italy",3000m Short Track Relay Women,Anouk Leblanc-Boucher,CAN,SILVER,04:17.3,233
2006,"Turin, Italy",3000m Short Track Relay Women,Kalyna Roberge,CAN,SILVER,04:17.3,233
2006,"Turin, Italy",3000m Short Track Relay Women,Katia Zini,ITA,BRONZE,04:20.0,233
2006,"Turin, Italy",3000m Short Track Relay Women,Mara Zini,ITA,BRONZE,04:20.0,233
2006,"Turin, Italy",3000m Short Track Relay Women,Marta Capurso,ITA,BRONZE,04:20.0,233
2006,"Turin, Italy",3000m Short Track Relay Women,Arianna Fontana,ITA,BRONZE,04:20.0,233
2006,"Turin, Italy",1500m Short Track Women,Jin Sun-Yu,KOR,GOLD,02:23.5,233
2006,"Turin, Italy",1500m Short Track Women,Eun-Kyung Choi,KOR,SILVER,02:24.1,233
2006,"Turin, Italy",1500m Short Track Women,Wang Meng,CHN,BRONZE,02:24.5,233
2010,"Vancouver, Canada",500m Men,Mo Tae-Bum,KOR,GOLD,00:69.82,4
2010,"Vancouver, Canada",500m Men,Keiichiro Nagashima,JPN,SILVER,00:69.98,4
2010,"Vancouver, Canada",500m Men,Joji Kato,JPN,BRONZE,00:70.01,4
2010,"Vancouver, Canada",1000m Men,Shani Davis,USA,GOLD,01:08.94,4
2010,"Vancouver, Canada",1000m Men,Mo Tae-Bum,KOR,SILVER,01:09.12,4
2010,"Vancouver, Canada",1000m Men,Chad Hedrick,USA,BRONZE,01:09.32,4
2010,"Vancouver, Canada",1500m Men,Mark Tuitert,NED,GOLD,01:45.57,4
2010,"Vancouver, Canada",1500m Men,Shani Davis,USA,SILVER,01:46.10,4
2010,"Vancouver, Canada",1500m Men,Håvard Bøkko,NOR,BRONZE,01:46.13,4
2010,"Vancouver, Canada",5000m Men,Sven Kramer,NED,GOLD,06:14.60,4
2010,"Vancouver, Canada",5000m Men,Lee Seung-Hoon,KOR,SILVER,06:16.95,4
2010,"Vancouver, Canada",5000m Men,Ivan Skobrev,RUS,BRONZE,06:18.05,4
2010,"Vancouver, Canada",10000m Men,Lee Seung-Hoon,KOR,GOLD,12:58.55,4
2010,"Vancouver, Canada",10000m Men,Ivan Skobrev,RUS,SILVER,13:02.07,4
2010,"Vancouver, Canada",10000m Men,Bob de Jong,NED,BRONZE,13:06.73,4
2010,"Vancouver, Canada",Team Pursuit Men,Mathieu Giroux,CAN,GOLD,03:41.37,4
2010,"Vancouver, Canada",Team Pursuit Men,Lucas Makowsky,CAN,GOLD,03:41.37,4
2010,"Vancouver, Canada",Team Pursuit Men,Denny Morrison,CAN,GOLD,03:41.37,4
2010,"Vancouver, Canada",Team Pursuit Men,Brian Hansen,USA,SILVER,03:41.58,4
2010,"Vancouver, Canada",Team Pursuit Men,Chad Hedrick,USA,SILVER,03:41.58,4
2010,"Vancouver, Canada",Team Pursuit Men,Jonathan Kuck,USA,SILVER,03:41.58,4
2010,"Vancouver, Canada",Team Pursuit Men,Trevor Marsicano,USA,SILVER,03:41.58,4
2010,"Vancouver, Canada",Team Pursuit Men,Jan Blokhuijsen,NED,BRONZE,03:39.95,4
2010,"Vancouver, Canada",Team Pursuit Men,Sven Kramer,NED,BRONZE,03:39.95,4
2010,"Vancouver, Canada",Team Pursuit Men,Simon Kuipers,NED,BRONZE,03:39.95,4
2010,"Vancouver, Canada",Team Pursuit Men,Mark Tuitert,NED,BRONZE,03:39.95,4
2010,"Vancouver, Canada",500m Women,Lee Sang-Hwa,KOR,GOLD,00:76.09,4
2010,"Vancouver, Canada",500m Women,Jenny Wolf,GER,SILVER,00:76.14,4
2010,"Vancouver, Canada",500m Women,Wang Beixing,CHN,BRONZE,00:76.63,4
2010,"Vancouver, Canada",1000m Women,Christine Nesbitt,CAN,GOLD,01:16.56,4
2010,"Vancouver, Canada",1000m Women,Annette Gerritsen,NED,SILVER,01:16.58,4
2010,"Vancouver, Canada",1000m Women,Laurine van Riessen,NED,BRONZE,01:16.72,4
2010,"Vancouver, Canada",1500m Women,Ireen Wüst,NED,GOLD,01:56.89,4
2010,"Vancouver, Canada",1500m Women,Kristina Groves,CAN,SILVER,01:57.14,4
2010,"Vancouver, Canada",1500m Women,Martina Sáblíková,CZE,BRONZE,01:57.96,4
2010,"Vancouver, Canada",3000m Women,Martina Sáblíková,CZE,GOLD,04:02.53,4
2010,"Vancouver, Canada",3000m Women,Stephanie Beckert,GER,SILVER,04:04.62,4
2010,"Vancouver, Canada",3000m Women,Kristina Groves,CAN,BRONZE,04:04.84,4
2010,"Vancouver, Canada",5000m Women,Martina Sáblíková,CZE,GOLD,06:50.92,4
2010,"Vancouver, Canada",5000m Women,Stephanie Beckert,GER,SILVER,06:51.39,4
2010,"Vancouver, Canada",5000m Women,Clara Hughes,GER,BRONZE,06:55.73,4
2010,"Vancouver, Canada",Team Pursuit Women,Daniela Anschütz-Thoms,GER,GOLD,03:02.82,4
2010,"Vancouver, Canada",Team Pursuit Women,Stephanie Beckert,GER,GOLD,03:02.82,4
2010,"Vancouver, Canada",Team Pursuit Women,Anni Friesinger-Postma,GER,GOLD,03:02.82,4
2010,"Vancouver, Canada",Team Pursuit Women,Katrin Mattscherodt,GER,GOLD,03:02.82,4
2010,"Vancouver, Canada",Team Pursuit Women,Masako Hozumi,JPN,SILVER,03:02.84,4
2010,"Vancouver, Canada",Team Pursuit Women,Nao Kodaira,JPN,SILVER,03:02.84,4
2010,"Vancouver, Canada",Team Pursuit Women,Maki Tabata,JPN,SILVER,03:02.84,4
2010,"Vancouver, Canada",Team Pursuit Women,Katarzyna Bachleda-Curuś,POL,BRONZE,03:03.73,4
2010,"Vancouver, Canada",Team Pursuit Women,Katarzyna Woźniak,POL,BRONZE,03:03.73,4
2010,"Vancouver, Canada",Team Pursuit Women,Luiza Złotkowska,POL,BRONZE,03:03.73,4
2010,"Vancouver, Canada",500m Short Track Men,Charles Hamelin,CAN,GOLD,00:40.981,4
2010,"Vancouver, Canada",500m Short Track Men,Sung Si-Bak,KOR,SILVER,00:41.340,4
2010,"Vancouver, Canada",500m Short Track Men,François-Louis Tremblay,CAN,BRONZE,00:46.366,4
2010,"Vancouver, Canada",1000m Short Track Men,Lee Jung-Su,KOR,GOLD,01:23.747,4
2010,"Vancouver, Canada",1000m Short Track Men,Lee Ho-Suk,KOR,SILVER,01:23.801,4
2010,"Vancouver, Canada",1000m Short Track Men,Apolo Anton Ohno,USA,BRONZE,01:24.128,4
2010,"Vancouver, Canada",1500m Short Track Men,Lee Jung-Su,KOR,GOLD,02:17.611,4
2010,"Vancouver, Canada",1500m Short Track Men,Apolo Anton Ohno,USA,SILVER,02:17.976,4
2010,"Vancouver, Canada",1500m Short Track Men,J. R. Celski,USA,BRONZE,02:18.053,4
2010,"Vancouver, Canada",5000m Short Track Relay Men,Charles Hamelin,CAN,GOLD,06:44.224,4
2010,"Vancouver, Canada",5000m Short Track Relay Men,François Hamelin,CAN,GOLD,06:44.224,4
2010,"Vancouver, Canada",5000m Short Track Relay Men,Olivier Jean,CAN,GOLD,06:44.224,4
2010,"Vancouver, Canada",5000m Short Track Relay Men,François-Louis Tremblay,CAN,GOLD,06:44.224,4
2010,"Vancouver, Canada",5000m Short Track Relay Men,Kwak Yoon-Gy,KOR,SILVER,06:44.446,4
2010,"Vancouver, Canada",5000m Short Track Relay Men,Lee Ho-Suk,KOR,SILVER,06:44.446,4
2010,"Vancouver, Canada",5000m Short Track Relay Men,Lee Jung-Su,KOR,SILVER,06:44.446,4
2010,"Vancouver, Canada",5000m Short Track Relay Men,Sung Si-Bak,KOR,SILVER,06:44.446,4
2010,"Vancouver, Canada",5000m Short Track Relay Men,J.R. Celski,USA,BRONZE,06:44.498,4
2010,"Vancouver, Canada",5000m Short Track Relay Men,Travis Jayner,USA,BRONZE,06:44.498,4
2010,"Vancouver, Canada",5000m Short Track Relay Men,Jordan Malone,USA,BRONZE,06:44.498,4
2010,"Vancouver, Canada",5000m Short Track Relay Men,Apolo Anton Ohno,USA,BRONZE,06:44.498,4
2010,"Vancouver, Canada",500m Short Track Women,Wang Meng,CHN,GOLD,00:43.048,4
2010,"Vancouver, Canada",500m Short Track Women,Marianne St-Gelais,CAN,SILVER,00:43.707,4
2010,"Vancouver, Canada",500m Short Track Women,Arianna Fontana,ITA,BRONZE,00:43.804,4
2010,"Vancouver, Canada",1000m Short Track Women,Wang Meng,CHN,GOLD,01:29.213,4
2010,"Vancouver, Canada",1000m Short Track Women,Katherine Reutter,USA,SILVER,01:29.324,4
2010,"Vancouver, Canada",1000m Short Track Women,Park Seung-Hi,KOR,BRONZE,01:29.379,4
2010,"Vancouver, Canada",1500m Short Track Women,Zhou Yang,CHN,GOLD,02:16.993,4
2010,"Vancouver, Canada",1500m Short Track Women,Lee Eun-Byul,KOR,SILVER,02:17.849,4
2010,"Vancouver, Canada",1500m Short Track Women,Park Seung-Hi,KOR,BRONZE,02:17.927,4
2010,"Vancouver, Canada",3000m Short Track Relay Women,Sun Linlin,CHN,GOLD,04:06.610,4
2010,"Vancouver, Canada",3000m Short Track Relay Women,Wang Meng,CHN,GOLD,04:06.610,4
2010,"Vancouver, Canada",3000m Short Track Relay Women,Zhang Hui,CHN,GOLD,04:06.610,4
2010,"Vancouver, Canada",3000m Short Track Relay Women,Zhou Yang,CHN,GOLD,04:06.610,4
2010,"Vancouver, Canada",3000m Short Track Relay Women,Jessica Gregg,CAN,SILVER,04:09.137,4
2010,"Vancouver, Canada",3000m Short Track Relay Women,Kalyna Roberge,CAN,SILVER,04:09.137,4
2010,"Vancouver, Canada",3000m Short Track Relay Women,Marianne St-Gelais,CAN,SILVER,04:09.137,4
2010,"Vancouver, Canada",3000m Short Track Relay Women,Tania Vicent,CAN,SILVER,04:09.137,4
2010,"Vancouver, Canada",3000m Short Track Relay Women,Allison Baver,USA,BRONZE,04:14.081,4
2010,"Vancouver, Canada",3000m Short Track Relay Women,Alyson Dudek,USA,BRONZE,04:14.081,4
2010,"Vancouver, Canada",3000m Short Track Relay Women,Lana Gehring,USA,BRONZE,04:14.081,4
2010,"Vancouver, Canada",3000m Short Track Relay Women,Katherine Reutter,USA,BRONZE,04:14.081,4
2014,"Sochi, Russia",500m Men,Michel Mulder,NED,GOLD,00:69.312,27
2014,"Sochi, Russia",500m Men,Jan Smeekens,NED,SILVER,00:69.324,27
2014,"Sochi, Russia",500m Men,Ronald Mulder,NED,BRONZE,00:69.46,27
2014,"Sochi, Russia",1000m Men,Stefan Groothuis,NED,GOLD,01:08.39,27
2014,"Sochi, Russia",1000m Men,Denny Morrison,CAN,SILVER,01:08.43,27
2014,"Sochi, Russia",1000m Men,Michel Mulder,NED,BRONZE,01:08.74,27
2014,"Sochi, Russia",1500m Men,Zbigniew Bródka,POL,GOLD,01:45.006,27
2014,"Sochi, Russia",1500m Men,Koen Verweij,NED,SILVER,01:45.009,27
2014,"Sochi, Russia",1500m Men,Denny Morrison,CAN,BRONZE,01:45.22,27
2014,"Sochi, Russia",5000m Men,Sven Kramer,NED,GOLD,06:10.76,27
2014,"Sochi, Russia",5000m Men,Jan Blokhuijsen,NED,SILVER,06:15.71,27
2014,"Sochi, Russia",5000m Men,Jorrit Bergsma,NED,BRONZE,06:16.66,27
2014,"Sochi, Russia",10000m Men,Jorrit Bergsma,NED,GOLD,12:44.45,27
2014,"Sochi, Russia",10000m Men,Sven Kramer,NED,SILVER,12:49.02,27
2014,"Sochi, Russia",10000m Men,Bob de Jong,NED,BRONZE,13:07.19,27
2014,"Sochi, Russia",Team Pursuit Men,Jan Blokhuijsen,NED,GOLD,03:37.71,27
2014,"Sochi, Russia",Team Pursuit Men,Sven Kramer,NED,GOLD,03:37.71,27
2014,"Sochi, Russia",Team Pursuit Men,Koen Verweij,NED,GOLD,03:37.71,27
2014,"Sochi, Russia",Team Pursuit Men,Joo Hyong-jun,KOR,SILVER,03:40.85,27
2014,"Sochi, Russia",Team Pursuit Men,Kim Cheol-min,KOR,SILVER,03:40.85,27
2014,"Sochi, Russia",Team Pursuit Men,Lee Seung-hoon,POL,SILVER,03:40.85,27
2014,"Sochi, Russia",Team Pursuit Men,Zbigniew Bródka,POL,BRONZE,03:41.94,27
2014,"Sochi, Russia",Team Pursuit Men,Konrad Niedźwiedzki,POL,BRONZE,03:41.94,27
2014,"Sochi, Russia",Team Pursuit Men,Jan Szymański,POL,BRONZE,03:41.94,27
2014,"Sochi, Russia",500m Women,Lee Sang-Hwa,KOR,GOLD,00:74.7,27
2014,"Sochi, Russia",500m Women,Olga Fatkulina,RUS,SILVER,00:75.06,27
2014,"Sochi, Russia",500m Women,Margot Boer,NED,BRONZE,00:75.48,27
2014,"Sochi, Russia",1000m Women,Zhang Hong,CHN,GOLD,01:14.02,27
2014,"Sochi, Russia",1000m Women,Ireen Wüst,NED,SILVER,01:14.69,27
2014,"Sochi, Russia",1000m Women,Margot Boer,NED,BRONZE,01:14.90,27
2014,"Sochi, Russia",1500m Women,Jorien ter Mors,NED,GOLD,01:53.51,27
2014,"Sochi, Russia",1500m Women,Ireen Wüst,NED,SILVER,01:54.09,27
2014,"Sochi, Russia",1500m Women,Lotte van Beek,NED,BRONZE,01:54.54,27
2014,"Sochi, Russia",3000m Women,Ireen Wüst,NED,GOLD,04:00.34,27
2014,"Sochi, Russia",3000m Women,Martina Sáblíková,CZE,SILVER,04:01.95,27
2014,"Sochi, Russia",3000m Women,Olga Graf,RUS,BRONZE,04:03.47,27
2014,"Sochi, Russia",5000m Women,Martina Sáblíková,CZE,GOLD,06:51.54,27
2014,"Sochi, Russia",5000m Women,Ireen Wüst,NED,SILVER,06:54.28,27
2014,"Sochi, Russia",5000m Women,Carien Kleibeuker,NED,BRONZE,06:55.66,27
2014,"Sochi, Russia",Team Pursuit Women,Lotte van Beek,NED,GOLD,02:58.05,27
2014,"Sochi, Russia",Team Pursuit Women,Marrit Leenstra,NED,GOLD,02:58.05,27
2014,"Sochi, Russia",Team Pursuit Women,Jorien ter Mors,NED,GOLD,02:58.05,27
2014,"Sochi, Russia",Team Pursuit Women,Ireen Wüst,NED,GOLD,02:58.05,27
2014,"Sochi, Russia",Team Pursuit Women,Katarzyna Bachleda-Curuś,POL,SILVER,03:05.55,27
2014,"Sochi, Russia",Team Pursuit Women,Natalia Czerwonka,POL,SILVER,03:05.55,27
2014,"Sochi, Russia",Team Pursuit Women,Luiza Złotkowska,POL,SILVER,03:05.55,27
2014,"Sochi, Russia",Team Pursuit Women,Katarzyna Woźniak,POL,SILVER,03:05.55,27
2014,"Sochi, Russia",Team Pursuit Women,Olga Graf,RUS,BRONZE,02:59.73,27
2014,"Sochi, Russia",Team Pursuit Women,Yekaterina Lobysheva,RUS,BRONZE,02:59.73,27
2014,"Sochi, Russia",Team Pursuit Women,Yuliya Skokova,RUS,BRONZE,02:59.73,27
2014,"Sochi, Russia",Team Pursuit Women,Yekaterina Shikhova,RUS,BRONZE,02:59.73,27
2014,"Sochi, Russia",500m Short Track Men,Viktor An,RUS,GOLD,00:41.063,27
2014,"Sochi, Russia",500m Short Track Men,Wu Dajing,CHN,SILVER,00:40.846,27
2014,"Sochi, Russia",500m Short Track Men,Charle Cournoyer,CAN,BRONZE,00:40.945,27
2014,"Sochi, Russia",1000m Short Track Men,Viktor An,RUS,GOLD,01:24.102,27
2014,"Sochi, Russia",1000m Short Track Men,Vladimir Grigoryev,RUS,SILVER,01:24.868,27
2014,"Sochi, Russia",1000m Short Track Men,Sjinkie Knegt,NED,BRONZE,01:25.611,27
2014,"Sochi, Russia",1500m Short Track Men,Charles Hamelin,CAN,GOLD,02:14.480,27
2014,"Sochi, Russia",1500m Short Track Men,Han Tianyu,CHN,SILVER,02:15.055,27
2014,"Sochi, Russia",1500m Short Track Men,Viktor An,RUS,BRONZE,02:15.062,27
2014,"Sochi, Russia",5000m Short Track Relay Men,Viktor Ahn,RUS,GOLD,06:42.100,27
2014,"Sochi, Russia",5000m Short Track Relay Men,Semion Elistratov,RUS,GOLD,06:42.100,27
2014,"Sochi, Russia",5000m Short Track Relay Men,Vladimir Grigorev,RUS,GOLD,06:42.100,27
2014,"Sochi, Russia",5000m Short Track Relay Men,Ruslan Zakharov,RUS,GOLD,06:42.100,27
2014,"Sochi, Russia",5000m Short Track Relay Men,Eddy Alvarez,USA,SILVER,06:42.371,27
2014,"Sochi, Russia",5000m Short Track Relay Men,J. R. Celski,USA,SILVER,06:42.371,27
2014,"Sochi, Russia",5000m Short Track Relay Men,Christopher Creveling,USA,SILVER,06:42.371,27
2014,"Sochi, Russia",5000m Short Track Relay Men,Jordan Malone,USA,SILVER,06:42.371,27
2014,"Sochi, Russia",5000m Short Track Relay Men,Chen Dequan,CHN,BRONZE,06:42.341,27
2014,"Sochi, Russia",5000m Short Track Relay Men,Han Tianyu,CHN,BRONZE,06:42.341,27
2014,"Sochi, Russia",5000m Short Track Relay Men,Shi Jingnan,CHN,BRONZE,06:42.341,27
2014,"Sochi, Russia",5000m Short Track Relay Men,Wu Dajing,CHN,BRONZE,06:42.341,27
2014,"Sochi, Russia",500m Short Track Women,Li Jianrou,CHN,GOLD,00:43.486,27
2014,"Sochi, Russia",500m Short Track Women,Arianna Fontana,ITA,SILVER,00:43.405,27
2014,"Sochi, Russia",500m Short Track Women,Park Seung-Hui,KOR,BRONZE,00:43.392,27
2014,"Sochi, Russia",1000m Short Track Women,Park Seung-Hui,KOR,GOLD,01:30.182,27
2014,"Sochi, Russia",1000m Short Track Women,Fan Kexin,CHN,SILVER,01:29.380,27
2014,"Sochi, Russia",1000m Short Track Women,Shim Seok-Hui,KOR,BRONZE,01:29.356,27
2014,"Sochi, Russia",1500m Short Track Women,Zhou Yang,CHN,GOLD,02:18.825,27
2014,"Sochi, Russia",1500m Short Track Women,Shim Seok-Hui,KOR,SILVER,02:18.966,27
2014,"Sochi, Russia",1500m Short Track Women,Arianna Fontana,ITA,BRONZE,02:19.336,27
2014,"Sochi, Russia",3000m Short Track Relay Women,Shim Suk-hee,KOR,GOLD,04:09.498,27
2014,"Sochi, Russia",3000m Short Track Relay Women,Park Seung-hi,KOR,GOLD,04:09.498,27
2014,"Sochi, Russia",3000m Short Track Relay Women,Cho Ha-ri,KOR,GOLD,04:09.498,27
2014,"Sochi, Russia",3000m Short Track Relay Women,Kim A-lang,KOR,GOLD,04:09.498,27
2014,"Sochi, Russia",3000m Short Track Relay Women,Kong Sang-jeong,KOR,GOLD,04:09.498,27
2014,"Sochi, Russia",3000m Short Track Relay Women,Marie-Ève Drolet,CAN,SILVER,04:10.641,27
2014,"Sochi, Russia",3000m Short Track Relay Women,Jessica Hewitt,CAN,SILVER,04:10.641,27
2014,"Sochi, Russia",3000m Short Track Relay Women,Valérie Maltais,CAN,SILVER,04:10.641,27
2014,"Sochi, Russia",3000m Short Track Relay Women,Marianne St-Gelais,CAN,SILVER,04:10.641,27
2014,"Sochi, Russia",3000m Short Track Relay Women,Arianna Fontana,ITA,BRONZE,04:14.014,27
2014,"Sochi, Russia",3000m Short Track Relay Women,Lucia Peretti,ITA,BRONZE,04:14.014,27
2014,"Sochi, Russia",3000m Short Track Relay Women,Martina Valcepina,ITA,BRONZE,04:14.014,27
2014,"Sochi, Russia",3000m Short Track Relay Women,Elena Viviani,ITA,BRONZE,04:14.014,27
2018,"Pyeongchang, South Korea",500m Men,Håvard Holmefjord Lorentzen,NOR,GOLD,00:34.41,26
2018,"Pyeongchang, South Korea",500m Men,Cha Min-kyu,KOR,SILVER,00:34.42,26
2018,"Pyeongchang, South Korea",500m Men,Gao Tingyu,CHN,BRONZE,00:34.65,26
2018,"Pyeongchang, South Korea",1000m Men,Kjeld Nuis,NED,GOLD,01:07.95,26
2018,"Pyeongchang, South Korea",1000m Men,Håvard Holmefjord Lorentzen,NOR,SILVER,01:07.99,26
2018,"Pyeongchang, South Korea",1000m Men,Kim Tae-yun,KOR,BRONZE,01:08.22,26
2018,"Pyeongchang, South Korea",1500m Men,Kjeld Nuis,NED,GOLD,01:44.01,26
2018,"Pyeongchang, South Korea",1500m Men,Patrick Roest,NED,SILVER,01:44.86,26
2018,"Pyeongchang, South Korea",1500m Men,Kim Min-seok,KOR,BRONZE,01:44.93,26
2018,"Pyeongchang, South Korea",5000m Men,Sven Kramer,NED,GOLD,06:09.76,26
2018,"Pyeongchang, South Korea",5000m Men,Ted-Jan Bloemen,CAN,SILVER,06:11.616,26
2018,"Pyeongchang, South Korea",5000m Men,Sverre Lunde Pedersen,NOR,BRONZE,06:11.618,26
2018,"Pyeongchang, South Korea",10000m Men,Ted-Jan Bloemen,CAN,GOLD,12:39.77,26
2018,"Pyeongchang, South Korea",10000m Men,Jorrit Bergsma,NED,SILVER,12:41.98,26
2018,"Pyeongchang, South Korea",10000m Men,Nicola Tumolero,ITA,BRONZE,12:54.32,26
2018,"Pyeongchang, South Korea",Team Pursuit Men,Håvard Bøkko,NOR,GOLD,03:37.32,26
2018,"Pyeongchang, South Korea",Team Pursuit Men,Simen Spieler Nilsen,NOR,GOLD,03:37.32,26
2018,"Pyeongchang, South Korea",Team Pursuit Men,Sverre Lunde Pedersen,NOR,GOLD,03:37.32,26
2018,"Pyeongchang, South Korea",Team Pursuit Men,Sindre Henriksen,NOR,GOLD,03:37.32,26
2018,"Pyeongchang, South Korea",Team Pursuit Men,Lee Seung-hoon,KOR,SILVER,03:38.52,26
2018,"Pyeongchang, South Korea",Team Pursuit Men,Chung Jae-won,KOR,SILVER,03:38.52,26
2018,"Pyeongchang, South Korea",Team Pursuit Men,Kim Min-seok,KOR,SILVER,03:38.52,26
2018,"Pyeongchang, South Korea",Team Pursuit Men,Patrick Roest,NED,BRONZE,03:38.40,26
2018,"Pyeongchang, South Korea",Team Pursuit Men,Jan Blokhuijsen,NED,BRONZE,03:38.40,26
2018,"Pyeongchang, South Korea",Team Pursuit Men,Sven Kramer,NED,BRONZE,03:38.40,26
2018,"Pyeongchang, South Korea",Team Pursuit Men,Koen Verweij,NED,BRONZE,03:38.40,26
2018,"Pyeongchang, South Korea",500m Women,Nao Kodaira,JPN,GOLD,00:36.94,26
2018,"Pyeongchang, South Korea",500m Women,Lee Sang-hwa,KOR,SILVER,00:37.33,26
2018,"Pyeongchang, South Korea",500m Women,Karolína Erbanová,CZE,BRONZE,00:37.34,26
2018,"Pyeongchang, South Korea",1000m Women,Jorien ter Mors,NED,GOLD,01:13.56,26
2018,"Pyeongchang, South Korea",1000m Women,Nao Kodaira,JPN,SILVER,01:13.82,26
2018,"Pyeongchang, South Korea",1000m Women,Miho Takagi,JPN,BRONZE,01:13.98,26
2018,"Pyeongchang, South Korea",1500m Women,Ireen Wüst,NED,GOLD,01:54.35,26
2018,"Pyeongchang, South Korea",1500m Women,Miho Takagi,JPN,SILVER,01:54.55,26
2018,"Pyeongchang, South Korea",1500m Women,Marrit Leenstra,NED,BRONZE,01:55.26,26
2018,"Pyeongchang, South Korea",3000m Women,Carlijn Achtereekte,NED,GOLD,03:59.21,26
2018,"Pyeongchang, South Korea",3000m Women,Ireen Wüst,NED,SILVER,03:59.29,26
2018,"Pyeongchang, South Korea",3000m Women,Antoinette de Jong,NED,BRONZE,04:00.02,26
2018,"Pyeongchang, South Korea",5000m Women,Esmee Visser,NED,GOLD,06:50.23,26
2018,"Pyeongchang, South Korea",5000m Women,Martina Sáblíková,CZE,SILVER,06:51.85,26
2018,"Pyeongchang, South Korea",5000m Women,Natalya Voronina,OAR,BRONZE,06:53.98,26
2018,"Pyeongchang, South Korea",Team Pursuit Women,Miho Takagi,JPN,GOLD,02:53.89,26
2018,"Pyeongchang, South Korea",Team Pursuit Women,Ayano Sato,JPN,GOLD,02:53.89,26
2018,"Pyeongchang, South Korea",Team Pursuit Women,Nana Takagi,JPN,GOLD,02:53.89,26
2018,"Pyeongchang, South Korea",Team Pursuit Women,Ayaka Kikuchi,JPN,GOLD,02:53.89,26
2018,"Pyeongchang, South Korea",Team Pursuit Women,Marrit Leenstra,NED,SILVER,02:55.48,26
2018,"Pyeongchang, South Korea",Team Pursuit Women,Ireen Wüst,NED,SILVER,02:55.48,26
2018,"Pyeongchang, South Korea",Team Pursuit Women,Antoinette de Jong,NED,SILVER,02:55.48,26
2018,"Pyeongchang, South Korea",Team Pursuit Women,Lotte van Beek,NED,SILVER,02:55.48,26
2018,"Pyeongchang, South Korea",Team Pursuit Women,Heather Bergsma,USA,BRONZE,02:59.27,26
2018,"Pyeongchang, South Korea",Team Pursuit Women,Brittany Bowe,USA,BRONZE,02:59.27,26
2018,"Pyeongchang, South Korea",Team Pursuit Women,Mia Manganello,USA,BRONZE,02:59.27,26
2018,"Pyeongchang, South Korea",Team Pursuit Women,Carlijn Schoutens,USA,BRONZE,02:59.27,26
2018,"Pyeongchang, South Korea",500m Short Track Men,Wu Dajing,CHN,GOLD,00:39.584,26
2018,"Pyeongchang, South Korea",500m Short Track Men,Hwang Dae-heon,KOR,SILVER,00:39.854,26
2018,"Pyeongchang, South Korea",500m Short Track Men,Lim Hyo-jun,KOR,BRONZE,00:39.919,26
2018,"Pyeongchang, South Korea",1000m Short Track Men,Samuel Girard,CAN,GOLD,01:24.650,26
2018,"Pyeongchang, South Korea",1000m Short Track Men,John-Henry Krueger,USA,SILVER,01:24.864,26
2018,"Pyeongchang, South Korea",1000m Short Track Men,Seo Yi-ra,KOR,BRONZE,01:31.619,26
2018,"Pyeongchang, South Korea",1500m Short Track Men,Lim Hyo-jun,KOR,GOLD,02:10.485,26
2018,"Pyeongchang, South Korea",1500m Short Track Men,Sjinkie Knegt,NED,SILVER,02:10.555,26
2018,"Pyeongchang, South Korea",1500m Short Track Men,Semion Elistratov,OAR,BRONZE,02:10.687,26
2018,"Pyeongchang, South Korea",5000m Short Track Relay Men,Shaoang Liu,HUN,GOLD,06:31.971,26
2018,"Pyeongchang, South Korea",5000m Short Track Relay Men,Sándor Liu Shaolin,HUN,GOLD,06:31.971,26
2018,"Pyeongchang, South Korea",5000m Short Track Relay Men,Viktor Knoch,HUN,GOLD,06:31.971,26
2018,"Pyeongchang, South Korea",5000m Short Track Relay Men,Csaba Burján,HUN,GOLD,06:31.971,26
2018,"Pyeongchang, South Korea",5000m Short Track Relay Men,Wu Dajing,CHN,SILVER,06:32.035,26
2018,"Pyeongchang, South Korea",5000m Short Track Relay Men,Han Tianyu,CHN,SILVER,06:32.035,26
2018,"Pyeongchang, South Korea",5000m Short Track Relay Men,Chen Dequan,CHN,SILVER,06:32.035,26
2018,"Pyeongchang, South Korea",5000m Short Track Relay Men,Xu Hongzhi,CHN,SILVER,06:32.035,26
2018,"Pyeongchang, South Korea",5000m Short Track Relay Men,Ren Ziwei,CHN,SILVER,06:32.035,26
2018,"Pyeongchang, South Korea",5000m Short Track Relay Men,Samuel Girard,CAN,BRONZE,06:32.282,26
2018,"Pyeongchang, South Korea",5000m Short Track Relay Men,Charles Hamelin,CAN,BRONZE,06:32.282,26
2018,"Pyeongchang, South Korea",5000m Short Track Relay Men,Charle Cournoyer,CAN,BRONZE,06:32.282,26
2018,"Pyeongchang, South Korea",5000m Short Track Relay Men,Pascal Dion,CAN,BRONZE,06:32.282,26
2018,"Pyeongchang, South Korea",500m Short Track Women,Arianna Fontana,ITA,GOLD,00:42.569,26
2018,"Pyeongchang, South Korea",500m Short Track Women,Yara van Kerkhof,NED,SILVER,00:43.256,26
2018,"Pyeongchang, South Korea",500m Short Track Women,Kim Boutin,CAN,BRONZE,00:43.881,26
2018,"Pyeongchang, South Korea",1000m Short Track Women,Suzanne Schulting,NED,GOLD,01:29.778,26
2018,"Pyeongchang, South Korea",1000m Short Track Women,Kim Boutin,CAN,SILVER,01:29.956,26
2018,"Pyeongchang, South Korea",1000m Short Track Women,Arianna Fontana,ITA,BRONZE,01:30.656,26
2018,"Pyeongchang, South Korea",1500m Short Track Women,Choi Min-jeong,KOR,GOLD,02:24.948,26
2018,"Pyeongchang, South Korea",1500m Short Track Women,Choi Min-jeong,KOR,SILVER,02:24.948,26
2018,"Pyeongchang, South Korea",1500m Short Track Women,Kim Boutin,CAN,BRONZE,02:25.834,26
2018,"Pyeongchang, South Korea",3000m Short Track Relay Women,Shim Suk-hee,KOR,GOLD,04:07.361,26
2018,"Pyeongchang, South Korea",3000m Short Track Relay Women,Choi Min-jeong,KOR,GOLD,04:07.361,26
2018,"Pyeongchang, South Korea",3000m Short Track Relay Women,Kim Ye-jin,KOR,GOLD,04:07.361,26
2018,"Pyeongchang, South Korea",3000m Short Track Relay Women,Kim A-lang,KOR,GOLD,04:07.361,26
2018,"Pyeongchang, South Korea",3000m Short Track Relay Women,Lee Yu-bin,KOR,GOLD,04:07.361,26
2018,"Pyeongchang, South Korea",3000m Short Track Relay Women,Arianna Fontana,ITA,SILVER,04:15.901,26
2018,"Pyeongchang, South Korea",3000m Short Track Relay Women,Lucia Peretti,ITA,SILVER,04:15.901,26
2018,"Pyeongchang, South Korea",3000m Short Track Relay Women,Cecilia Maffei,ITA,SILVER,04:15.901,26
2018,"Pyeongchang, South Korea",3000m Short Track Relay Women,Martina Valcepina,ITA,SILVER,04:15.901,26
2018,"Pyeongchang, South Korea",3000m Short Track Relay Women,Suzanne Schulting,NED,BRONZE,04:05.977,26
2018,"Pyeongchang, South Korea",3000m Short Track Relay Women,Yara van Kerkhof,NED,BRONZE,04:05.977,26
2018,"Pyeongchang, South Korea",3000m Short Track Relay Women,Lara van Ruijven,NED,BRONZE,04:05.977,26
2018,"Pyeongchang, South Korea",3000m Short Track Relay Women,Jorien ter Mors,NED,BRONZE,04:05.977,26